Display,X Pos,Y Pos,Start Time (secs),Pupil Diameter
1,939.4086,241.6838,1121.008984,4.30270284414291
1,928.59,243.1349,1121.024999,4.33013960719109
1,916.7943,244.1738,1121.040985,4.34433994814754
1,911.8188,241.6073,1121.056987,4.36935899779201
1,909.2045,241.2848,1121.077008,4.32168180122972
1,905.9403,242.1665,1121.08907,4.33753477409482
-1,NaN,NaN,1121.10699,0
1,913.103,235.4256,1121.12499,4.30409284308553
-1,NaN,NaN,1121.13499,0
-1,NaN,NaN,1121.152991,0
-1,NaN,NaN,1121.17102,0
-1,NaN,NaN,1121.184992,0
-1,NaN,NaN,1121.200993,0
-1,NaN,NaN,1121.216998,0
-1,NaN,NaN,1121.232994,0
-1,NaN,NaN,1121.250996,0
-1,NaN,NaN,1121.264998,0
-1,NaN,NaN,1121.282997,0
-1,NaN,NaN,1121.296997,0
-1,NaN,NaN,1121.315014,0
-1,NaN,NaN,1121.331016,0
-1,NaN,NaN,1121.346999,0
-1,NaN,NaN,1121.362999,0
-1,NaN,NaN,1121.379015,0
-1,NaN,NaN,1121.395002,0
-1,NaN,NaN,1121.413004,0
-1,NaN,NaN,1121.427003,0
-1,NaN,NaN,1121.445006,0
-1,NaN,NaN,1121.459026,0
-1,NaN,NaN,1121.479034,0
-1,NaN,NaN,1121.493005,0
-1,NaN,NaN,1121.509009,0
-1,NaN,NaN,1121.525039,0
-1,NaN,NaN,1121.54101,0
-1,NaN,NaN,1121.557026,0
-1,NaN,NaN,1121.57701,0
-1,NaN,NaN,1121.589026,0
-1,NaN,NaN,1121.607047,0
-1,NaN,NaN,1121.62703,0
-1,NaN,NaN,1121.639012,0
-1,NaN,NaN,1121.655024,0
-1,NaN,NaN,1121.677014,0
-1,NaN,NaN,1121.687015,0
-1,NaN,NaN,1121.705016,0
-1,NaN,NaN,1121.725051,0
-1,NaN,NaN,1121.737016,0
-1,NaN,NaN,1121.751017,0
-1,NaN,NaN,1121.775026,0
-1,NaN,NaN,1121.785045,0
-1,NaN,NaN,1121.803021,0
-1,NaN,NaN,1121.823043,0
-1,NaN,NaN,1121.833021,0
-1,NaN,NaN,1121.849043,0
-1,NaN,NaN,1121.865025,0
-1,NaN,NaN,1121.881043,0
-1,NaN,NaN,1121.897024,0
-1,NaN,NaN,1121.915038,0
-1,NaN,NaN,1121.929026,0
-1,NaN,NaN,1121.945027,0
-1,NaN,NaN,1121.963078,0
-1,NaN,NaN,1121.979028,0
-1,NaN,NaN,1121.995031,0
-1,NaN,NaN,1122.011031,0
-1,NaN,NaN,1122.029056,0
-1,NaN,NaN,1122.043031,0
-1,NaN,NaN,1122.061035,0
-1,NaN,NaN,1122.077033,0
-1,NaN,NaN,1122.093048,0
-1,NaN,NaN,1122.109035,0
-1,NaN,NaN,1122.127038,0
-1,NaN,NaN,1122.143035,0
-1,NaN,NaN,1122.159043,0
-1,NaN,NaN,1122.177049,0
-1,NaN,NaN,1122.193037,0
-1,NaN,NaN,1122.209057,0
-1,NaN,NaN,1122.231039,0
-1,NaN,NaN,1122.239042,0
-1,NaN,NaN,1122.259055,0
-1,NaN,NaN,1122.27905,0
-1,NaN,NaN,1122.291043,0
-1,NaN,NaN,1122.305043,0
-1,NaN,NaN,1122.327067,0
-1,NaN,NaN,1122.337044,0
-1,NaN,NaN,1122.355045,0
-1,NaN,NaN,1122.371049,0
-1,NaN,NaN,1122.389062,0
-1,NaN,NaN,1122.403047,0
-1,NaN,NaN,1122.427053,0
-1,NaN,NaN,1122.435073,0
-1,NaN,NaN,1122.453049,0
-1,NaN,NaN,1122.47105,0
-1,NaN,NaN,1122.485062,0
-1,NaN,NaN,1122.501051,0
-1,NaN,NaN,1122.529073,0
-1,NaN,NaN,1122.535071,0
-1,NaN,NaN,1122.549054,0
-1,NaN,NaN,1122.567057,0
-1,NaN,NaN,1122.583055,0
-1,NaN,NaN,1122.597056,0
-1,NaN,NaN,1122.623061,0
-1,NaN,NaN,1122.633057,0
-1,NaN,NaN,1122.64908,0
-1,NaN,NaN,1122.663074,0
-1,NaN,NaN,1122.683071,0
-1,NaN,NaN,1122.69506,0
-1,NaN,NaN,1122.715064,0
-1,NaN,NaN,1122.731062,0
-1,NaN,NaN,1122.747081,0
-1,NaN,NaN,1122.761066,0
-1,NaN,NaN,1122.781065,0
-1,NaN,NaN,1122.795104,0
-1,NaN,NaN,1122.809086,0
-1,NaN,NaN,1122.831068,0
-1,NaN,NaN,1122.841068,0
-1,NaN,NaN,1122.857084,0
-1,NaN,NaN,1122.879073,0
-1,NaN,NaN,1122.891104,0
-1,NaN,NaN,1122.90707,0
-1,NaN,NaN,1122.927075,0
-1,NaN,NaN,1122.939071,0
-1,NaN,NaN,1122.955085,0
-1,NaN,NaN,1122.981078,0
-1,NaN,NaN,1122.987087,0
-1,NaN,NaN,1123.003074,0
-1,NaN,NaN,1123.022079,0
-1,NaN,NaN,1123.036078,0
-1,NaN,NaN,1123.052078,0
-1,NaN,NaN,1123.071942,0
-1,NaN,NaN,1123.08508,0
-1,NaN,NaN,1123.101079,0
-1,NaN,NaN,1123.1191,0
-1,NaN,NaN,1123.133089,0
-1,NaN,NaN,1123.149099,0
-1,NaN,NaN,1123.167094,0
-1,NaN,NaN,1123.183084,0
-1,NaN,NaN,1123.199097,0
-1,NaN,NaN,1123.213084,0
-1,NaN,NaN,1123.233085,0
-1,NaN,NaN,1123.247103,0
-1,NaN,NaN,1123.263086,0
-1,NaN,NaN,1123.279095,0
-1,NaN,NaN,1123.297088,0
-1,NaN,NaN,1123.311106,0
-1,NaN,NaN,1123.3331,0
-1,NaN,NaN,1123.34509,0
-1,NaN,NaN,1123.361108,0
-1,NaN,NaN,1123.377121,0
-1,NaN,NaN,1123.395092,0
-1,NaN,NaN,1123.409093,0
-1,NaN,NaN,1123.431094,0
-1,NaN,NaN,1123.441107,0
-1,NaN,NaN,1123.457094,0
-1,NaN,NaN,1123.476099,0
-1,NaN,NaN,1123.494097,0
-1,NaN,NaN,1123.504097,0
-1,NaN,NaN,1123.528111,0
-1,NaN,NaN,1123.5381,0
-1,NaN,NaN,1123.556099,0
-1,NaN,NaN,1123.578101,0
-1,NaN,NaN,1123.588118,0
-1,NaN,NaN,1123.602102,0
-1,NaN,NaN,1123.624108,0
-1,NaN,NaN,1123.636105,0
-1,NaN,NaN,1123.652104,0
-1,NaN,NaN,1123.670108,0
-1,NaN,NaN,1123.684105,0
-1,NaN,NaN,1123.700106,0
-1,NaN,NaN,1123.718106,0
-1,NaN,NaN,1123.732108,0
-1,NaN,NaN,1123.750107,0
-1,NaN,NaN,1123.76411,0
-1,NaN,NaN,1123.784114,0
-1,NaN,NaN,1123.798111,0
-1,NaN,NaN,1123.81412,0
-1,NaN,NaN,1123.832115,0
-1,NaN,NaN,1123.84613,0
-1,NaN,NaN,1123.862113,0
-1,NaN,NaN,1123.880176,0
-1,NaN,NaN,1123.894115,0
-1,NaN,NaN,1123.912117,0
-1,NaN,NaN,1123.930117,0
-1,NaN,NaN,1123.944133,0
-1,NaN,NaN,1123.958117,0
-1,NaN,NaN,1123.978122,0
-1,NaN,NaN,1123.992132,0
-1,NaN,NaN,1124.008119,0
-1,NaN,NaN,1124.028137,0
-1,NaN,NaN,1124.042156,0
-1,NaN,NaN,1124.056141,0
-1,NaN,NaN,1124.078123,0
-1,NaN,NaN,1124.090129,0
-1,NaN,NaN,1124.106123,0
-1,NaN,NaN,1124.128127,0
-1,NaN,NaN,1124.138126,0
-1,NaN,NaN,1124.154132,0
-1,NaN,NaN,1124.174131,0
-1,NaN,NaN,1124.188173,0
-1,NaN,NaN,1124.204144,0
-1,NaN,NaN,1124.220142,0
-1,NaN,NaN,1124.236131,0
-1,NaN,NaN,1124.252148,0
-1,NaN,NaN,1124.268133,0
-1,NaN,NaN,1124.284142,0
-1,NaN,NaN,1124.300134,0
-1,NaN,NaN,1124.318135,0
-1,NaN,NaN,1124.334135,0
-1,NaN,NaN,1124.350134,0
-1,NaN,NaN,1124.366149,0
-1,NaN,NaN,1124.382139,0
-1,NaN,NaN,1124.398152,0
-1,NaN,NaN,1124.41414,0
-1,NaN,NaN,1124.432143,0
-1,NaN,NaN,1124.446139,0
-1,NaN,NaN,1124.464144,0
-1,NaN,NaN,1124.480141,0
-1,NaN,NaN,1124.496141,0
-1,NaN,NaN,1124.51016,0
-1,NaN,NaN,1124.532144,0
-1,NaN,NaN,1124.544149,0
-1,NaN,NaN,1124.560147,0
-1,NaN,NaN,1124.576147,0
-1,NaN,NaN,1124.594148,0
-1,NaN,NaN,1124.608147,0
-1,NaN,NaN,1124.628195,0
-1,NaN,NaN,1124.640154,0
-1,NaN,NaN,1124.658149,0
-1,NaN,NaN,1124.676162,0
-1,NaN,NaN,1124.690152,0
-1,NaN,NaN,1124.706151,0
-1,NaN,NaN,1124.726152,0
-1,NaN,NaN,1124.738153,0
-1,NaN,NaN,1124.756171,0
-1,NaN,NaN,1124.774154,0
-1,NaN,NaN,1124.7882,0
-1,NaN,NaN,1124.802156,0
-1,NaN,NaN,1124.822159,0
-1,NaN,NaN,1124.836162,0
-1,NaN,NaN,1124.852197,0
-1,NaN,NaN,1124.870161,0
-1,NaN,NaN,1124.886161,0
-1,NaN,NaN,1124.900161,0
-1,NaN,NaN,1124.920165,0
-1,NaN,NaN,1124.932179,0
-1,NaN,NaN,1124.950164,0
-1,NaN,NaN,1124.966166,0
-1,NaN,NaN,1124.982182,0
-1,NaN,NaN,1124.998167,0
-1,NaN,NaN,1125.016174,0
-1,NaN,NaN,1125.032166,0
-1,NaN,NaN,1125.048168,0
-1,NaN,NaN,1125.064171,0
-1,NaN,NaN,1125.080189,0
-1,NaN,NaN,1125.096169,0
-1,NaN,NaN,1125.114176,0
-1,NaN,NaN,1125.130171,0
-1,NaN,NaN,1125.146191,0
-1,NaN,NaN,1125.160172,0
-1,NaN,NaN,1125.180173,0
-1,NaN,NaN,1125.194182,0
-1,NaN,NaN,1125.212175,0
-1,NaN,NaN,1125.228193,0
-1,NaN,NaN,1125.244189,0
-1,NaN,NaN,1125.260176,0
-1,NaN,NaN,1125.278196,0
-1,NaN,NaN,1125.29218,0
-1,NaN,NaN,1125.310179,0
-1,NaN,NaN,1125.328196,0
-1,NaN,NaN,1125.340181,0
-1,NaN,NaN,1125.356181,0
-1,NaN,NaN,1125.376217,0
-1,NaN,NaN,1125.388196,0
-1,NaN,NaN,1125.406183,0
-1,NaN,NaN,1125.424197,0
-1,NaN,NaN,1125.438185,0
-1,NaN,NaN,1125.454187,0
-1,NaN,NaN,1125.474205,0
-1,NaN,NaN,1125.486187,0
-1,NaN,NaN,1125.50419,0
-1,NaN,NaN,1125.52019,0
-1,NaN,NaN,1125.536207,0
-1,NaN,NaN,1125.55219,0
-1,NaN,NaN,1125.568209,0
-1,NaN,NaN,1125.584192,0
-1,NaN,NaN,1125.602192,0
-1,NaN,NaN,1125.616207,0
-1,NaN,NaN,1125.634193,0
-1,NaN,NaN,1125.648194,0
-1,NaN,NaN,1125.66821,0
-1,NaN,NaN,1125.682196,0
-1,NaN,NaN,1125.700223,0
-1,NaN,NaN,1125.714198,0
-1,NaN,NaN,1125.732199,0
-1,NaN,NaN,1125.7462,0
-1,NaN,NaN,1125.762201,0
-1,NaN,NaN,1125.778214,0
-1,NaN,NaN,1125.796202,0
-1,NaN,NaN,1125.81022,0
-1,NaN,NaN,1125.828219,0
-1,NaN,NaN,1125.842209,0
-1,NaN,NaN,1125.860236,0
1,901.5905,225.7227,1125.884205,4.62447199970484
1,898.8167,233.8539,1125.892223,4.56856656819582
1,875.4925,238.3567,1125.910207,4.63168462738395
1,857.6622,266.3805,1125.926207,4.64473105967045
1,835.9556,293.3159,1125.940227,4.6668010763824
1,815.528,322.2918,1125.96221,4.64245863258839
1,788.5853,354.5654,1125.976217,4.6574748121202
1,753.713,400.7954,1125.988228,4.65712696313858
1,733.9442,460.0314,1126.00621,4.63268999010324
1,735.41,491.6,1126.024229,4.6598045155406
1,733.1003,490.3216,1126.036343,4.67419764026999
1,732.1326,491.2934,1126.05423,4.68805059790611
1,729.6095,493.7921,1126.072234,4.67834994196892
1,729.6783,495.891,1126.086214,4.69901924952865
1,727.4701,497.5006,1126.102215,4.68327570706606
1,725.9293,498.6602,1126.122236,4.67471219599247
1,721.1307,500.3598,1126.134216,4.6636532060802
1,720.1281,501.3588,1126.152236,4.64230868965387
1,719.1298,501.6844,1126.168233,4.61743958294392
1,720.3603,502.3061,1126.184237,4.57225181162357
1,718.2945,501.7845,1126.200223,4.58816438913345
1,719.064,501.658,1126.219221,4.55709313973784
1,717.8753,500.6814,1126.231221,4.51125577092171
1,718.8594,499.7881,1126.249228,4.48898272588849
1,719.6394,500.5535,1126.265227,4.47282427921891
1,720.1774,501.616,1126.281236,4.45147370919585
1,720.0834,502.6529,1126.297244,4.44502336904407
1,720.4104,503.4968,1126.314232,4.42418828606606
1,721.5242,504.5767,1126.330224,4.41137561574578
1,721.6876,506.2507,1126.346252,4.40935930237174
1,719.6598,506.5765,1126.362228,4.43300837650895
1,719.7241,507.0892,1126.378283,4.41122800111771
1,717.9247,506.5938,1126.394227,4.40179603174329
1,718.4724,506.5822,1126.412231,4.3977010063827
1,717.6904,506.5729,1126.428247,4.34953114017844
1,718.0051,506.4321,1126.442231,4.36719739809632
1,718.1288,506.3943,1126.460249,4.37255576252937
1,718.3187,506.1505,1126.476233,4.38322173431516
1,719.61,506.4295,1126.492232,4.39701043069363
1,725.7329,502.0313,1126.508233,4.38821921125054
1,730.9847,496.8953,1126.530234,4.38796682283282
1,752.1016,477.2654,1126.542235,4.35212394222617
1,770.1332,457.6774,1126.558257,4.31723520159721
1,804.5327,420.4318,1126.576245,4.296007566154
1,835.0527,387.3342,1126.590237,4.27109515294433
1,869.4491,349.3515,1126.606239,4.26007667556405
1,899.3113,316.2887,1126.629239,4.24217153340578
1,926.1741,285.3776,1126.637257,4.26900060847402
1,945.4782,263.6406,1126.655258,4.26827091723681
1,960.8057,245.7059,1126.673257,4.26593236625195
1,965.9399,237.7694,1126.687259,4.27127117291093
1,969.7516,234.7675,1126.701254,4.27348399534822
1,967.3212,239.1962,1126.723296,4.2693205177784
1,968.7325,238.8855,1126.735245,4.25846269354224
1,967.1564,242.411,1126.751244,4.25197184085846
1,957.5965,254.9455,1126.771247,4.29935334250331
1,947.8401,272.17,1126.791274,4.33629332110286
1,924.0954,296.0463,1126.799246,4.39374148845673
1,900.3374,320.3287,1126.823248,4.35885461047292
1,869.9965,349.8059,1126.833265,4.35943296179175
1,835.2174,382.0587,1126.849249,4.31866338476539
1,798.361,416.0917,1126.869282,4.30154614150524
1,758.9319,450.0532,1126.88125,4.30539343506098
1,735.2478,468.927,1126.897251,4.29760478436947
1,722.1122,476.1144,1126.915255,4.29897243157029
1,713.0295,479.9793,1126.931252,4.29025664925575
1,713.2723,480.1732,1126.945252,4.28287452086806
1,713.641,480.317,1126.96328,4.27258620038629
1,713.1847,480.1862,1126.979255,4.2638867162168
1,713.6558,479.3456,1126.995273,4.26329579204321
1,711.2222,478.688,1127.013258,4.24572871997952
1,710.4615,478.3246,1127.031257,4.24489146098495
1,704.9888,478.3095,1127.043258,4.23258077353239
1,702.2531,478.0842,1127.06126,4.23833634704351
1,697.0488,478.4474,1127.077265,4.26518870517612
1,693.5927,478.0431,1127.09126,4.27708169445395
1,688.9722,477.4955,1127.109263,4.27677715197206
1,685.1622,476.6864,1127.127267,4.26005152985454
1,682.9897,475.6884,1127.141262,4.26967814564705
1,682.8688,475.1663,1127.157301,4.25728457048535
1,681.3334,473.8373,1127.175266,4.2863180860877
1,683.6471,473.4662,1127.189278,4.26689209416509
1,686.5914,475.1794,1127.205268,4.24828613176942
-1,NaN,NaN,1127.223272,0
1,700.2729,478.3559,1127.237266,4.25858329981565
-1,NaN,NaN,1127.253286,0
1,714.6963,483.2705,1127.275272,4.25823731347919
-1,NaN,NaN,1127.28527,0
1,738.1672,489.0697,1127.30328,4.29260404780507
-1,NaN,NaN,1127.321287,0
1,761.7372,494.7888,1127.33527,4.33451822027564
-1,NaN,NaN,1127.349271,0
1,785.5883,500.427,1127.375275,4.32682503014803
1,809.4461,505.2168,1127.383273,4.28659934550524
1,831.6156,510.6324,1127.399275,4.3098502792418
-1,NaN,NaN,1127.418277,0
1,849.1114,513.2197,1127.432304,4.32800874114037
1,857.8492,513.2491,1127.448335,4.32881154119968
1,857.7599,513.1976,1127.466313,4.33501601219177
-1,NaN,NaN,1127.480281,0
1,858.351,511.6797,1127.498296,4.31841006502509
1,858.3359,510.6952,1127.516283,4.31476160883904
1,857.4662,509.1548,1127.53228,4.31342609226704
1,856.8243,508.3181,1127.546283,4.29987395182252
1,854.5292,507.551,1127.562285,4.31538885459304
1,854.9987,505.5864,1127.578314,4.31157182902098
1,852.5166,505.6927,1127.594284,4.32452978566289
1,847.9835,504.1172,1127.61031,4.31291479617357
1,841.5602,504.2249,1127.628287,4.3145059607923
1,831.9391,503.3137,1127.642285,4.31131618097425
1,821.4363,503.301,1127.660288,4.28346358239651
1,811.3254,502.8939,1127.678286,4.29932726547122
1,801.4796,502.8758,1127.692287,4.27717342972755
1,790.3278,503.2033,1127.708287,4.25027497112751
1,779.0825,503.3586,1127.731291,4.22008195891976
1,774.2615,502.6676,1127.74129,4.2389347217977
1,773.334,503.0892,1127.757289,4.25741309300065
1,773.9981,502.3855,1127.777291,4.29100729525089
1,773.6061,501.5317,1127.789291,4.31043840944767
1,774.1119,500.8948,1127.805292,4.30945586413145
1,773.9079,499.9818,1127.827295,4.2945952154696
1,773.6376,498.934,1127.839293,4.29191719740629
1,773.4208,497.6544,1127.855294,4.30145673453808
1,774.0869,496.8433,1127.875311,4.3070544488728
1,773.7081,497.5754,1127.887297,4.28619887679815
1,775.3151,497.1193,1127.903311,4.29870514199138
1,775.4893,497.966,1127.921299,4.24910476431251
1,775.9023,497.7596,1127.935299,4.26827790215611
1,773.6887,498.657,1127.951298,4.27598040550947
1,770.6326,498.2369,1127.971302,4.25140839070082
1,764.0508,499.6339,1127.9853,4.25771996378899
1,756.8452,499.9821,1128.0013,4.25750901922584
1,747.65,501.3055,1128.021304,4.23297798261046
1,739.1629,502.1357,1128.033303,4.23638848587871
1,729.7374,502.8749,1128.049302,4.23750607296824
1,723.132,502.4473,1128.065323,4.25366871058941
1,717.6683,501.7305,1128.081305,4.2213755659759
1,717.3478,500.4039,1128.097305,4.22880565747619
1,715.3342,498.9951,1128.113308,4.20328695327044
1,715.4837,497.1213,1128.131307,4.19137487187982
1,714.8312,495.9818,1128.145308,4.21286374330521
1,714.657,494.8446,1128.163322,4.19868156313896
1,715.113,494.0076,1128.179316,4.19788621366024
1,714.9829,494.1772,1128.19531,4.19429829344153
1,716.3764,495.0317,1128.211311,4.22552134841681
1,726.2715,494.8726,1128.229312,4.22530295327306
1,736.4724,495.2341,1128.243313,4.23999177291989
1,756.4083,494.1025,1128.259313,4.23338683322072
1,776.1713,494.4035,1128.279315,4.19677328318357
1,797.2353,494.5816,1128.293313,4.1767111979425
1,816.5759,495.0117,1128.309318,4.17026225477457
1,836.1522,495.3044,1128.325317,4.1663539595902
1,855.4464,495.8511,1128.341315,4.17518196627498
1,871.8796,474.5263,1128.359334,4.19892929494381
1,878.4235,457.7419,1128.379325,4.25471691414714
1,883.1499,437.3367,1128.39134,4.27446281537414
1,886.0673,420.4206,1128.411345,4.32862900197506
1,887.4346,420.8095,1128.443323,4.32071695104241
1,886.4407,420.7904,1128.447321,4.25382889807224
1,886.4099,420.531,1128.455324,4.26218239590526
1,885.7167,420.4578,1128.473325,4.24519134685397
1,885.0148,421.1064,1128.489325,4.29348880425096
1,879.3089,440.4134,1128.505324,4.33370051905513
1,879.7604,437.0901,1128.523327,4.34179650619626
1,882.2393,418.2918,1128.539325,4.3252850882709
1,888.4952,403.6138,1128.55334,4.29926812648773
1,891.724,393.0235,1128.569327,4.21598507091403
-1,NaN,NaN,1128.581329,0
-1,NaN,NaN,1128.599328,0
-1,NaN,NaN,1128.61333,0
-1,NaN,NaN,1128.63333,0
-1,NaN,NaN,1128.647329,0
-1,NaN,NaN,1128.663342,0
-1,NaN,NaN,1128.679333,0
-1,NaN,NaN,1128.695347,0
-1,NaN,NaN,1128.711334,0
-1,NaN,NaN,1128.727336,0
-1,NaN,NaN,1128.743337,0
-1,NaN,NaN,1128.759335,0
-1,NaN,NaN,1128.777353,0
-1,NaN,NaN,1128.793337,0
-1,NaN,NaN,1128.809361,0
-1,NaN,NaN,1128.825338,0
-1,NaN,NaN,1128.841341,0
-1,NaN,NaN,1128.857339,0
-1,NaN,NaN,1128.87334,0
-1,NaN,NaN,1128.889346,0
-1,NaN,NaN,1128.905341,0
-1,NaN,NaN,1128.925342,0
-1,NaN,NaN,1128.939344,0
-1,NaN,NaN,1128.955345,0
-1,NaN,NaN,1128.973367,0
-1,NaN,NaN,1128.989347,0
-1,NaN,NaN,1129.003346,0
-1,NaN,NaN,1129.025376,0
-1,NaN,NaN,1129.037348,0
1,906.8127,347.9458,1129.053366,4.53042099252343
1,917.3446,318.7222,1129.073369,4.10410389304161
1,928.5507,289.585,1129.089351,4.1131442412734
1,935.9391,288.1574,1129.10335,4.0766354650259
1,945.8594,271.7854,1129.123399,4.06126165762544
1,956.7276,242.1531,1129.137352,4.0238588117063
1,962.8851,224.8673,1129.153353,3.99101665243506
1,965.7284,217.957,1129.169353,3.95820988342166
1,966.3052,224.6235,1129.187356,3.96004784852266
1,964.3708,238.6733,1129.201355,3.93553171306849
1,963.7311,243.4304,1129.219363,3.90588585287333
1,963.1088,247.2017,1129.235391,3.92176024615765
-1,NaN,NaN,1129.249358,0
1,956.0735,260.7661,1129.267409,3.90625093132257
1,947.6052,273.5955,1129.283449,4.00279741734266
1,931.0637,299.4797,1129.299372,4.03427192941308
1,911.5963,326.6181,1129.313361,4.09585423767567
1,890.9773,357.4503,1129.331375,4.08185180276632
1,868.04,389.9937,1129.347363,4.0500364266336
1,844.7921,424.2752,1129.363397,4.05594287440181
1,819.1661,461.4353,1129.379364,4.0626130066812
1,803.2266,485.5282,1129.395365,4.06634761020541
1,798.9692,492.4014,1129.411365,4.08058194443583
1,797.5717,496.5333,1129.429387,4.08903462812305
1,797.882,498.5784,1129.445367,4.08607348799706
1,798.2244,500.4679,1129.461367,4.08482737839222
1,798.0364,501.8836,1129.477368,4.09108959138393
1,798.4894,501.7789,1129.49337,4.12179529666901
1,802.7219,501.8654,1129.50938,4.08705743029714
1,798.6523,500.7328,1129.527369,4.13054227828979
1,796.7454,500.1248,1129.543395,4.1471398435533
1,787.8845,499.1242,1129.559371,4.15305653586984
1,776.4807,498.6411,1129.577374,4.14509512484074
1,767.0715,498.2912,1129.591375,4.14781924337149
1,756.9628,498.5834,1129.607392,4.13241749629378
1,746.3893,500.0871,1129.625385,4.13012225180864
1,731.0336,501.6223,1129.641433,4.11851005628705
1,720.924,503.114,1129.655397,4.11656219512224
1,721.4195,504.886,1129.675395,4.12844447419047
1,722.0314,506.5377,1129.687398,4.10387897863984
1,720.7356,507.397,1129.703385,4.11907490342855
1,720.4424,507.7712,1129.725393,4.13395138457417
1,720.0778,508.115,1129.735385,4.14772005751729
1,719.4448,508.2059,1129.753389,4.170804284513
1,718.9448,507.9736,1129.773399,4.17766254395247
1,718.5651,507.6032,1129.785389,4.18419670313597
1,718.6826,507.1765,1129.801384,4.18166117742658
1,719.0612,506.7787,1129.821385,4.18508658185601
1,719.0079,506.364,1129.833402,4.18822839856148
1,717.4017,503.8369,1129.851394,4.19626850634813
1,714.097,500.7247,1129.867395,4.21246886253357
1,710.8194,496.1035,1129.883394,4.20876173302531
1,704.3834,490.94,1129.899391,4.2214673012495
1,700.7681,486.4536,1129.915419,4.22283029183745
1,694.4462,481.2716,1129.931406,4.24819393083453
1,690.4806,476.7151,1129.94939,4.26248321309686
1,684.6823,471.3243,1129.963392,4.21094661578536
1,681.754,468.5508,1129.979425,4.22906223684549
1,681.9449,468.4379,1129.997393,4.21920279040933
1,682.2454,468.6237,1130.013413,4.23056073486805
1,681.4936,468.2596,1130.029391,4.27146861329675
1,682.1267,468.0375,1130.046394,4.27841069176793
1,681.8513,468.1934,1130.060411,4.27458202466369
1,683.197,468.3384,1130.080395,4.28625429049134
1,682.8469,467.9007,1130.092414,4.29584644734859
1,684.1494,467.4778,1130.110426,4.29518288001418
1,683.9333,467.7254,1130.128411,4.31944383308291
1,685.5043,467.162,1130.1424,4.30648541077971
1,685.7628,468.0417,1130.158401,4.27915900945663
1,687.8103,468.986,1130.1764,4.27386397495866
1,687.0244,469.4413,1130.190399,4.29924810305238
1,687.1125,470.6815,1130.208401,4.27632592618465
1,686.2796,471.302,1130.226401,4.2797764763236
1,686.2756,472.6316,1130.23842,4.29450068622828
1,686.762,473.1856,1130.256403,4.28576860576868
1,686.7693,473.6016,1130.274406,4.30886493995786
1,686.6219,474.5516,1130.288405,4.31685661897063
1,687.6397,474.7571,1130.304406,4.34006424620748
1,688.6467,474.8568,1130.322419,4.34894952923059
1,690.1303,474.8065,1130.336407,4.34413738548756
1,690.3692,474.3425,1130.354408,4.32817405089736
1,690.4419,473.8077,1130.372435,4.32305783033371
1,689.3882,472.722,1130.386408,4.34767920523882
1,689.5244,471.8701,1130.40241,4.34692669659853
1,687.5532,470.408,1130.420436,4.36768168583512
1,687.6108,469.8406,1130.434412,4.36519458889961
1,685.8666,469.2631,1130.452412,4.34372900053859
1,685.805,469.2119,1130.466415,4.33418434113264
1,685.577,469.381,1130.482414,4.31424845010042
1,685.397,469.3837,1130.500416,4.32677008211613
1,686.7086,470.2465,1130.514416,4.32023452594876
1,697.2346,462.414,1130.532416,4.32775029912591
1,709.3817,452.6319,1130.550421,4.33040177449584
1,741.9688,424.9931,1130.564419,4.31101582944393
1,771.3483,399.5637,1130.580417,4.30375337600708
1,811.2738,364.4028,1130.596455,4.27815690636635
1,845.6733,335.5215,1130.614445,4.28062677383423
1,879.1223,307.1239,1130.632422,4.29959688335657
1,908.9513,283.394,1130.648423,4.30142460390925
1,932.2061,266.1584,1130.662421,4.28684521466494
1,947.3629,257.7896,1130.678423,4.28354879841208
1,953.6703,256.1445,1130.694423,4.27302904427052
1,952.6826,258.8142,1130.712429,4.27287397906184
1,953.4807,261.2213,1130.728428,4.26793657243252
1,952.231,265.6502,1130.742424,4.31358115747571
1,953.0876,266.2539,1130.760427,4.30884957313538
1,951.4349,266.6867,1130.776446,4.2799599468708
1,952.0231,266.3354,1130.790428,4.2698816396296
1,951.3088,268.2964,1130.808429,4.21059038490057
1,951.6923,270.0621,1130.824429,4.15704492479563
1,952.2229,273.9328,1130.840431,4.14400780573487
1,952.6132,276.2703,1130.85643,4.11653146147728
1,952.0594,281.8976,1130.876432,4.15253406390548
1,954.0634,280.664,1130.88843,4.15457878261805
1,953.1917,285.7091,1130.906434,4.13586758077145
1,954.981,283.5892,1130.925452,4.11840574815869
1,953.8934,287.0569,1130.937434,4.06300695613027
1,955.0549,283.3039,1130.955437,4.05987119302154
1,954.2103,284.6302,1130.973438,4.02121059596539
1,954.418,281.0689,1130.98745,4.00417996570468
1,952.9243,283.3532,1131.003439,4.03701234608889
1,954.0198,279.8336,1131.021438,4.02921158820391
1,951.7012,282.7133,1131.035438,4.03496902436018
1,952.9573,279.2451,1131.051449,4.02304949238896
1,951.5105,283.1656,1131.071449,3.98362753912807
1,953.0446,280.183,1131.08346,3.95755982026458
1,951.8112,283.4627,1131.101453,3.94739536568522
1,953.3298,281.0521,1131.119481,3.95277515053749
1,951.0884,283.1077,1131.131442,3.92381940037012
1,953.037,281.1832,1131.149461,3.94964823499322
1,950.3717,283.2558,1131.165446,3.93462553620338
1,951.8448,279.718,1131.179464,3.953549079597
1,948.024,280.4427,1131.197445,3.91198275610805
1,948.9304,275.572,1131.213448,3.91332665458322
1,946.6992,277.0727,1131.229448,3.91122279688716
1,945.2983,280.4797,1131.245448,3.96620342507958
1,941.3578,286.8771,1131.261449,3.99407604709268
1,933.7069,303.8102,1131.279464,4.02302294969559
1,923.2722,322.8132,1131.293449,4.0270509198308
1,911.4036,348.3466,1131.311452,4.04165871441364
1,897.0894,374.455,1131.32945,4.04524989426136
1,884.2744,401.5876,1131.343471,4.03892528265715
1,868.0125,430.1819,1131.359466,4.05045552179217
1,856.4805,450.6375,1131.375454,4.02484927326441
1,847.1729,463.9996,1131.391454,4.01728833094239
1,843.2004,469.0388,1131.407455,4.04701568186283
1,842.0783,469.792,1131.427455,4.04638797044754
1,843.1144,472.1512,1131.439458,4.05133236199617
1,841.3064,475.747,1131.457457,4.05234517529607
1,842.945,481.3813,1131.475496,4.06070193275809
1,842.8497,486.9278,1131.48946,4.04219329357147
1,844.7984,493.2626,1131.503463,4.05428698286414
1,845.4871,498.8757,1131.525509,4.05934918671846
1,845.4999,504.8389,1131.537461,4.05744183808565
1,845.7073,510.4417,1131.553475,4.067103844136
1,845.8976,512.4791,1131.573475,4.07442357391119
1,845.5372,512.8858,1131.585464,4.0865745395422
1,841.557,513.0709,1131.601464,4.12831176072359
1,835.435,514.7443,1131.623469,4.13708761334419
1,824.4771,514.8584,1131.635465,4.14691725745797
1,810.269,515.997,1131.651466,4.15649311617017
1,795.3503,516.0541,1131.669127,4.16562566533685
1,778.3615,516.0133,1131.682468,4.1439002379775
1,762.2956,515.8115,1131.698477,4.14329208433628
1,745.4222,515.9516,1131.71648,4.12704749032855
1,732.5813,515.7112,1131.732472,4.1204378940165
1,725.5158,514.2939,1131.748495,4.13199188187718
1,722.042,513.3093,1131.764477,4.14788303896785
1,721.8227,513.6828,1131.780472,4.18400252237916
1,721.7421,514.2083,1131.796473,4.17490070685744
1,721.0969,514.2542,1131.814477,4.19257720932364
1,721.0107,514.3275,1131.830475,4.16766665875912
1,720.9333,514.2556,1131.846476,4.16239770129323
1,720.8572,513.8314,1131.86248,4.17972588911653
1,720.6061,513.2925,1131.878477,4.17692307382822
1,720.3289,512.3649,1131.894477,4.20685159042478
1,719.9278,511.3813,1131.910479,4.17940830811858
1,719.3641,510.2455,1131.928498,4.1811722330749
1,718.8179,509.1532,1131.942479,4.17616358026862
1,718.3755,507.9239,1131.960513,4.17268183082342
1,717.2582,506.6019,1131.978493,4.18874062597752
1,717.5154,505.4733,1131.990482,4.19276114553213
1,715.8837,504.4695,1132.008526,4.20443015173078
1,716.6939,503.9923,1132.028484,4.20477939769626
1,715.5123,503.6971,1132.040504,4.22064214944839
1,716.3286,503.4086,1132.056503,4.23117727041245
1,714.9398,503.1185,1132.078505,4.23193257302046
1,715.4963,502.6269,1132.088497,4.2374269105494
1,715.1857,502.4209,1132.104487,4.20945649966598
1,715.9685,502.4374,1132.12854,4.20287856832147
1,716.4629,502.7924,1132.138518,4.18823724612594
1,716.9832,503.4155,1132.154509,4.1845366358757
1,717.3392,503.9484,1132.174491,4.19684359803796
1,717.7065,504.5029,1132.186514,4.18936694040895
1,718.7195,505.1771,1132.202494,4.14755009114742
1,719.6925,505.6741,1132.226511,4.12727799266577
1,719.8378,505.9125,1132.236494,4.12540370598435
1,720.3992,505.9644,1132.252507,4.11513214930892
1,720.0931,505.3748,1132.270506,4.17089369148016
1,720.8666,505.069,1132.284516,4.1807028464973
1,720.5377,505.4247,1132.300495,4.16767736896873
1,729.1461,494.1661,1132.318505,4.17032837867737
1,739.1406,480.6709,1132.3345,4.16508223861456
1,766.4207,445.329,1132.35051,4.14177682250738
1,789.7392,413.3974,1132.3665,4.12722118198872
1,823.8536,371.7855,1132.382509,4.09730849787593
1,851.5556,339.7995,1132.398512,4.07570274546742
1,880.2864,306.6476,1132.416504,4.07269038259983
1,904.4906,278.6447,1132.432506,4.06914670020342
1,924.4271,256.7843,1132.446503,4.07452136278152
1,934.0033,247.9753,1132.462502,4.09550312906504
1,939.1833,247.0385,1132.484506,4.09502442926168
1,934.6798,252.5975,1132.494516,4.09448519349098
1,936.1533,254.8705,1132.512517,4.08253772184253
1,930.2842,259.5043,1132.530507,4.10251505672932
1,930.9356,258.1987,1132.542533,4.10500029101968
1,925.8126,260.0759,1132.560508,4.13019629195333
1,926.1509,257.4208,1132.578509,4.12868801504374
1,923.136,259.3371,1132.592509,4.09702630713582
1,923.9919,256.4579,1132.60851,4.07274859026074
1,921.8945,258.1625,1132.63051,4.04232041910291
1,923.0574,256.3295,1132.640511,4.01908392086625
1,921.526,258.0184,1132.658529,3.99279920384288
1,921.2476,259.1668,1132.678517,3.98455699905753
1,919.8454,263.6016,1132.690513,3.9711045101285
1,920.6766,265.8669,1132.704514,3.95763805136085
1,920.3023,267.1217,1132.728517,3.92702035605907
1,920.4499,267.1263,1132.738515,3.90157848596573
1,918.9396,270.0544,1132.754516,3.9056574460119
1,919.818,269.7595,1132.772521,3.90649167820811
1,917.3716,272.7712,1132.788538,3.87956504710019
1,919.0342,271.207,1132.802518,3.88152897357941
1,917.8882,273.0477,1132.82254,3.85905196890235
1,918.3239,272.8091,1132.834521,3.84969566948712
1,917.745,274.4284,1132.852521,3.83512070402503
1,914.9092,278.5999,1132.872536,3.8571679033339
1,910.2883,283.2814,1132.884522,3.85809876024723
1,896.1767,297.481,1132.90054,3.85715928860009
1,878.9547,313.4524,1132.918531,3.8556382060051
1,855.2142,337.3503,1132.934532,3.84458992630243
1,828.2971,362.1956,1132.948525,3.83506272919476
1,800.8404,390.0818,1132.964532,3.81812429986894
1,769.2358,419.231,1132.982528,3.85517464019358
1,742.2191,444.4354,1132.996528,3.8388455286622
1,720.2717,463.2478,1133.012531,3.82300931960344
1,709.4574,474.4413,1133.030531,3.84529284201562
1,705.7975,479.9913,1133.046547,3.81090817973018
1,703.9875,483.1522,1133.06253,3.84113378822804
1,703.493,483.9195,1133.081534,3.8627062458545
1,705.3929,484.9996,1133.095532,3.87656060047448
1,705.6802,486.572,1133.111531,3.87527793645859
1,709.4889,488.8347,1133.129533,3.8783703930676
1,711.428,491.1006,1133.143538,3.85511433705688
1,714.2048,493.3858,1133.159535,3.85602796450257
1,716.3743,495.598,1133.179567,3.86785808950663
1,718.9018,497.8879,1133.193536,3.88467498123646
1,722.0032,499.8727,1133.207536,3.90185881406069
1,723.9971,500.9822,1133.227537,3.90347302891314
1,725.0279,501.1757,1133.241579,3.90452542342246
1,725.4705,501.0318,1133.257538,3.90607677400112
1,724.9022,500.9485,1133.281541,3.88890970498323
1,724.6064,500.5726,1133.289541,3.89539264142513
1,724.1773,500.5515,1133.305556,3.89742502011359
1,728.3948,495.7906,1133.325549,3.91364982351661
1,731.5026,492.9522,1133.33955,3.92666086554527
1,750.5761,465.4135,1133.355556,3.93072236329317
1,766.1123,439.1407,1133.379546,3.93979996442795
1,797.6006,397.4721,1133.391546,3.9065950550139
1,821.9501,361.2309,1133.405563,3.88488080352545
1,852.5018,325.5475,1133.423584,3.86428041383624
1,876.86,298.3316,1133.437551,3.83767369203269
1,900.275,270.101,1133.453588,3.85592668317258
1,917.1014,248.7046,1133.46955,3.86768043972552
1,931.2423,236.1256,1133.487551,3.85926244780421
1,936.6196,240.1407,1133.50155,3.85371316224337
1,941.5134,241.8997,1133.519552,3.86845762841403
1,940.4285,241.7178,1133.533552,3.87754547409713
1,942.7912,241.0369,1133.551618,3.87584208510816
1,942.2941,240.964,1133.567557,3.86553863063455
1,942.8882,241.2262,1133.585556,3.83110134862363
1,940.2718,244.4503,1133.597572,3.83987976238132
1,941.4135,245.1816,1133.615561,3.83245735429227
1,939.0168,248.4131,1133.633558,3.83128831163049
1,940.0672,248.3135,1133.649577,3.82503867149353
1,937.2838,252.398,1133.663614,3.82334599271417
1,939.154,250.8903,1133.68156,3.81380086764693
1,937.2053,252.1817,1133.695577,3.80040146410465
1,939.5608,249.7152,1133.711581,3.79546359181404
1,937.6505,250.8781,1133.729565,3.74500337056816
1,940.1117,248.4675,1133.74357,3.73456324450672
1,938.5447,249.6159,1133.76158,3.72865283861756
1,940.6995,246.7649,1133.777569,3.68401687592268
1,940.3758,246.68,1133.793588,3.67031549103558
1,939.5983,248.2256,1133.809564,3.68478009477258
1,936.4407,253.5715,1133.827567,3.67335020564497
1,933.0406,259.9673,1133.841566,3.70107986964285
1,926.715,267.731,1133.857566,3.6677613388747
1,922.8616,273.5215,1133.877572,3.64884547889233
1,916.8726,281.2546,1133.891569,3.62435821443796
1,911.8355,288.462,1133.905587,3.61073389649391
1,905.9282,295.6587,1133.927576,3.61440377309918
1,902.872,298.762,1133.939576,3.62506206147373
1,902.8946,298.9293,1133.953595,3.62446298822761
1,902.7214,299.6108,1133.9736,3.61031340435147
1,902.5748,300.5008,1133.987574,3.60768847167492
1,902.8574,301.0607,1134.00358,3.6029948387295
1,902.8363,301.5237,1134.023587,3.60094802454114
1,903.4673,301.0447,1134.037576,3.62314144149423
1,903.8047,300.7355,1134.051575,3.63113661296666
1,903.9337,300.5985,1134.071596,3.62741225399077
1,903.9036,300.1134,1134.085583,3.63578973338008
1,903.7769,299.8081,1134.101579,3.6292509175837
1,902.6619,299.7405,1134.119582,3.61754931509495
1,902.6041,299.4289,1134.133595,3.63710289821029
1,900.1361,300.245,1134.149592,3.62719618715346
1,900.1984,299.8555,1134.167604,3.6279249470681
1,897.9296,300.8412,1134.183583,3.63250519149005
1,898.1915,300.4729,1134.199581,3.63351195119321
1,897.1162,300.9634,1134.215584,3.65647813305259
1,897.304,300.7742,1134.231586,3.65758640691638
1,898.096,300.5871,1134.247604,3.65163036622107
1,898.4294,300.6506,1134.263598,3.64401191473007
1,899.1275,301.066,1134.279603,3.65320919081569
1,900.2184,301.2232,1134.297588,3.65941785275936
1,900.3495,301.1799,1134.311602,3.72196570970118
1,901.2496,301.604,1134.327588,3.71870445087552
1,900.4758,302.166,1134.34559,3.67056345567107
1,900.926,302.7143,1134.35959,3.68462433107197
1,900.1077,303.5423,1134.377602,3.6674125585705
1,900.1747,303.7171,1134.393594,3.66977788507938
1,898.1773,304.0202,1134.409627,3.65868932567537
1,898.4683,303.2033,1134.425606,3.6536690313369
1,897.5939,303.7016,1134.443647,3.64838517270982
1,897.6651,304.3773,1134.457594,3.6417527589947
1,896.627,304.7377,1134.477595,3.67264868691564
1,896.064,304.5446,1134.491598,3.67186823859811
1,896.6887,304.3309,1134.507615,3.67412529885769
1,896.8668,304.5016,1134.525598,3.68483387865126
1,897.0775,305.1687,1134.539636,3.67371388711035
1,897.419,305.8845,1134.555611,3.66998044773936
1,897.3843,306.6635,1134.5756,3.67023865692317
1,897.9044,307.4185,1134.58962,3.67055670358241
1,898.1594,308.0368,1134.605601,3.68635728955269
1,898.1835,309.0197,1134.62562,3.70296370238066
1,897.9542,309.5346,1134.637618,3.71638941578567
1,897.7254,309.7312,1134.653623,3.7341711577028
1,896.4476,309.5233,1134.671614,3.72446631081402
1,896.5541,308.3778,1134.685621,3.72692313976586
1,893.9853,306.644,1134.701607,3.74024570919573
1,894.3347,304.5196,1134.721616,3.74870421364903
1,892.0074,303.0729,1134.733606,3.77629161812365
1,893.2153,301.112,1134.751607,3.79579002037644
1,891.6233,300.6484,1134.76761,3.7920989561826
1,892.921,299.8389,1134.783608,3.77646298147738
1,892.5412,299.6044,1134.79961,3.77182709053159
1,893.5151,300.596,1134.817612,3.78150772303343
1,893.5338,302.5515,1134.83161,3.77300940454006
1,894.4396,304.7081,1134.849621,3.78888007253408
1,894.7717,305.8465,1134.863612,3.78888356499374
1,894.6398,306.6442,1134.881614,3.80212580785155
1,894.7658,307.8298,1134.897615,3.80111648701131
1,895.6528,307.639,1134.913637,3.80490068346262
1,895.6331,306.3521,1134.929614,3.84423322975636
1,896.5726,305.2884,1134.947616,3.82920866832137
1,894.9304,303.6573,1134.961617,3.82839306257665
1,896.1786,301.6684,1134.977617,3.80542105995119
1,894.7397,300.6253,1134.993636,3.80197446793318
1,894.92,300.0317,1135.011618,3.80719103850424
1,894.0379,300.4327,1135.029619,3.79425520077348
1,893.6003,301.3606,1135.041625,3.78384650684893
1,893.5469,303.3513,1135.059633,3.78839881159365
1,893.8031,305.4569,1135.07764,3.81233310326934
1,892.8483,306.2866,1135.091636,3.81776853464544
1,894.0472,307.3334,1135.107626,3.81424371153116
1,892.2093,308.7729,1135.125624,3.79141746088862
1,893.316,308.8575,1135.139633,3.7989872507751
1,892.0477,310.1662,1135.157628,3.78674361854792
1,892.5669,309.7141,1135.175644,3.7838073913008
1,891.4743,310.2333,1135.189641,3.78777552396059
1,887.5534,311.5977,1135.205632,3.78920673392713
1,883.3977,314.739,1135.221674,3.80653725005686
1,874.1027,318.6382,1135.23563,3.84073215536773
1,863.4053,319.1685,1135.253636,3.86190158315003
1,851.5283,320.9311,1135.271633,3.83833609521389
1,838.1661,323.0481,1135.285648,3.79302026703954
1,825.3161,326.0047,1135.303652,3.80882923491299
1,811.7979,328.3263,1135.321635,3.80999711342156
1,802.7602,328.9554,1135.333655,3.82028892636299
1,797.3605,329.4176,1135.351634,3.83483245968819
1,793.8586,330.1891,1135.367659,3.82559420540929
1,793.0865,331.4829,1135.383661,3.81551403552294
1,792.515,332.2659,1135.399643,3.82099603302777
1,791.6845,331.8096,1135.415657,3.80593165755272
1,791.3218,331.6658,1135.431637,3.81383765488863
1,791.1406,331.6437,1135.449668,3.82958725094795
1,791.0974,331.4035,1135.463642,3.83345340378582
1,791.171,331.182,1135.479654,3.84647282771766
1,791.2255,330.7009,1135.495653,3.84043506346643
1,791.2998,330.5172,1135.513693,3.82728292606771
1,791.2953,330.5138,1135.52966,3.83046828210354
1,790.627,329.6401,1135.545671,3.8550712633878
1,790.9432,328.7177,1135.561644,3.85609269142151
1,790.2583,326.9113,1135.577657,3.81663581356406
1,791.0008,325.6764,1135.59366,3.83714609779418
1,790.8544,325.3984,1135.609667,3.81405605003238
1,791.3043,325.5044,1135.625658,3.79013014025986
1,790.4674,326.4534,1135.641685,3.77959455363452
1,790.9532,326.719,1135.65965,3.78042599186301
1,790.1201,328.7039,1135.675668,3.77214443869889
1,791.0645,329.4938,1135.691649,3.76359978690743
1,790.3473,331.1198,1135.707663,3.74769140034914
1,790.123,331.7484,1135.725684,3.73692275024951
1,789.4879,332.2888,1135.739656,3.74990724958479
1,789.2408,332.2723,1135.755674,3.75882536172867
1,789.9199,331.5024,1135.773664,3.74855939298868
1,790.5469,336.1628,1135.787675,3.75328212976456
1,789.5737,341.8335,1135.805657,3.74614237807691
1,790.3495,355.426,1135.825667,3.74749139882624
1,787.7067,371.1092,1135.837656,3.7617958150804
1,787.6983,389.4556,1135.85467,3.77023918554187
1,785.7793,409.405,1135.872686,3.74988210387528
1,784.8173,430.2928,1135.886658,3.7410135846585
1,783.4619,451.8407,1135.902679,3.72424861416221
1,781.8931,468.1852,1135.922711,3.72812012210488
1,781.4265,477.6764,1135.934661,3.73341841623187
1,780.8389,483.0323,1135.950682,3.73191712424159
1,780.6594,484.7153,1135.970665,3.74824483878911
1,781.104,485.674,1135.982686,3.74488020315766
1,781.0704,486.5277,1135.998664,3.75926494598389
1,781.5197,486.8565,1136.020708,3.76927736215293
1,782.4228,486.7976,1136.030666,3.80024942569435
1,789.3809,486.9296,1136.048666,3.81496245972812
1,794.2636,488.3004,1136.06468,3.79781960509717
1,806.608,489.3315,1136.080667,3.8078180514276
1,815.9687,492.0872,1136.096679,3.77640826627612
1,827.0636,493.8349,1136.113012,3.77500266768038
1,836.8879,496.444,1136.128683,3.77161311917007
1,847.6611,497.9172,1136.14467,3.7683027330786
1,857.2336,500.5677,1136.162682,3.77020565792918
1,860.9991,502.4553,1136.178684,3.77961341291666
1,860.7174,503.2,1136.194672,3.77298006787896
1,861.2072,503.1388,1136.210674,3.7628267891705
1,860.8345,503.4983,1136.229674,3.76468687318265
1,860.6951,503.8474,1136.241674,3.74980084598064
1,860.7781,505.2739,1136.259683,3.7307352758944
1,861.088,506.4337,1136.277678,3.74842365272343
1,860.9102,508.4924,1136.291678,3.75101272948086
1,861.2228,509.8802,1136.307685,3.74411582015455
1,861.4271,511.142,1136.327697,3.74930864199996
1,861.6432,512.2497,1136.339685,3.75558389350772
1,861.6832,512.735,1136.3557,3.75215127132833
1,861.7269,513.4214,1136.375692,3.75779019668698
1,862.1581,513.5549,1136.387681,3.77256469801068
1,862.5181,512.8203,1136.403804,3.75621253624558
1,862.7958,511.9797,1136.429719,3.75958997756243
1,862.8542,510.9891,1136.437683,3.77796473912895
1,860.0842,511.578,1136.453702,3.77696705982089
1,851.4931,510.2464,1136.473689,3.76895093359053
1,838.8317,510.8226,1136.485704,3.75111750327051
1,821.7874,508.9943,1136.501721,3.75301018357277
1,802.4474,508.0802,1136.521688,3.72191588394344
1,784.0895,506.4801,1136.533702,3.71984438970685
1,764.8846,505.4692,1136.549706,3.70807643048465
1,745.6431,504.3214,1136.569718,3.70945734903216
1,729.1628,501.6096,1136.583708,3.69577878154814
1,721.7247,499.1997,1136.599691,3.72341834008694
1,720.4957,498.0935,1136.619697,3.75303416512907
1,721.0237,497.5715,1136.631704,3.73980379663408
1,718.4772,496.3944,1136.647704,3.75414383597672
1,719.2454,495.7126,1136.665695,3.75065230764449
1,718.7703,495.1141,1136.681695,3.72754083946347
1,720.2339,494.6803,1136.697694,3.75063205137849
1,720.2939,494.6266,1136.715701,3.74835263937712
1,721.2836,494.9733,1136.729696,3.75382439233363
1,720.7885,495.9205,1136.74574,3.74916521832347
1,721.6577,497.3398,1136.761721,3.74577916227281
1,721.2755,498.6526,1136.779713,3.7258411757648
1,721.5525,500.2024,1136.793698,3.7175992038101
1,721.0284,501.2867,1136.811714,3.71374934911728
1,720.1833,502.2098,1136.827709,3.72255407273769
1,719.6584,503.0335,1136.843714,3.74888628721237
1,721.7145,503.2933,1136.859702,3.76370619051158
1,724.577,502.983,1136.879704,3.76892345957458
1,732.1265,502.4626,1136.891706,3.75912245362997
1,738.6638,501.2743,1136.90774,3.75710427761078
1,747.9084,499.7466,1136.927706,3.74857243150473
1,755.7248,498.808,1136.941707,3.7302125710994
1,764.508,497.4509,1136.955707,3.73928621411324
1,773.0579,496.591,1136.977709,3.73902637511492
1,779.2928,496.1548,1136.987721,3.75249097123742
1,782.6143,496.2871,1137.00371,3.75211820937693
1,783.6297,496.2285,1137.025765,3.74728860333562
1,783.9617,495.4979,1137.03771,3.74391465447843
1,785.0742,493.5965,1137.053724,3.75195685774088
1,784.9221,492.2327,1137.075721,3.74771468341351
1,786.5736,488.8997,1137.087713,3.74104478396475
1,786.9875,486.7343,1137.101724,3.74623946845531
1,788.5652,483.724,1137.123741,3.76597978174686
1,789.293,481.0744,1137.135728,3.77827067859471
1,790.1027,478.7383,1137.151728,3.7796888500452
1,790.3811,477.0614,1137.169717,3.77406273037195
1,790.0152,476.8026,1137.183719,3.76421399414539
1,789.8926,477.2093,1137.199729,3.76030546613038
1,789.6083,481.9563,1137.221721,3.80032253451645
1,787.1765,486.9867,1137.233731,3.79420025274158
1,786.3151,496.946,1137.249721,3.79594531841576
1,783.1941,506.7852,1137.265809,3.7766033783555
1,782.1337,517.2045,1137.282722,3.75931849703193
1,780.6709,527.6443,1137.296721,3.76250827684999
1,779.2839,538.4066,1137.314723,3.76298115588725
1,777.7653,549.1967,1137.330723,3.75837273895741
1,776.9148,554.8217,1137.346723,3.78394918516278
1,776.7607,555.7886,1137.362725,3.77088761888444
1,778.5239,556.0684,1137.380725,3.7576409522444
1,777.1725,556.531,1137.394726,3.73869645409286
1,778.2345,555.6982,1137.410728,3.72802908532321
1,777.386,555.8156,1137.430731,3.72608681209385
1,778.449,554.4884,1137.442729,3.73776024207473
1,777.8785,553.4531,1137.45873,3.7205321714282
1,777.886,552.5733,1137.478743,3.71933239512146
1,778.0074,551.9345,1137.492732,3.72218945994973
1,778.0298,551.4351,1137.508733,3.71499825268984
1,778.1191,550.2174,1137.528733,3.70513298548758
1,778.3068,549.2488,1137.540755,3.71441268362105
1,778.6408,549.3466,1137.556734,3.70253506116569
1,778.7211,549.2271,1137.578742,3.69081227108836
1,778.0419,549.2136,1137.588735,3.68837057612836
1,778.1843,549.183,1137.604753,3.68076632730663
1,778.1832,548.8997,1137.626738,3.68724367581308
1,777.829,548.4556,1137.63875,3.69399506598711
1,776.619,548.1631,1137.654738,3.73006355948746
1,773.2147,544.4502,1137.674743,3.71325109153986
1,767.6423,542.439,1137.68674,3.69490426965058
1,761.5609,536.9257,1137.704758,3.68883390910923
1,753.7567,532.8593,1137.722783,3.63755179569125
1,746.7223,528.3981,1137.736744,3.64644941873848
1,739.086,524.0621,1137.752742,3.64709901623428
1,731.6626,519.9239,1137.770825,3.64346941933036
1,725.4968,515.4664,1137.784747,3.65875894203782
1,721.8952,513.5692,1137.800744,3.66131332702935
1,721.1347,513.5081,1137.81875,3.67266056127846
1,720.7943,512.6405,1137.832747,3.67421586997807
1,719.8019,511.8432,1137.848747,3.66791035048664
1,720.0219,510.8871,1137.864748,3.66313103586435
1,720.1144,509.8342,1137.882761,3.65070370025933
1,720.8256,508.895,1137.89675,3.64997517317533
1,721.3531,508.2357,1137.914793,3.65836173295975
1,721.6838,507.4352,1137.93077,3.66956018842757
1,721.9163,507.0734,1137.946763,3.66236199624836
1,722.0802,506.5478,1137.962753,3.66459181532264
1,721.8345,505.9227,1137.980786,3.66406957618892
1,720.9732,505.1698,1137.994753,3.67965246550739
1,719.6537,504.2549,1138.010758,3.69841489009559
1,718.831,503.8252,1138.026757,3.70148289948702
1,718.0921,503.2534,1138.044768,3.71075933799148
1,717.5126,502.8275,1138.058756,3.72653896920383
1,717.2751,502.3075,1138.076778,3.72677971608937
1,717.2443,501.7603,1138.092758,3.72355105355382
1,717.2857,501.3784,1138.108763,3.71192186139524
1,717.3311,501.0273,1138.12476,3.69778973981738
1,717.3459,500.7825,1138.140763,3.69435315951705
1,717.287,500.6867,1138.156761,3.70352482423186
1,717.2194,500.7897,1138.174762,3.74248065054417
1,717.1041,501.0168,1138.190764,3.75212985090911
1,717.1034,501.3162,1138.204764,3.74469230882823
1,717.3398,501.5128,1138.224816,3.75846191309392
1,717.8975,501.8189,1138.238764,3.72488936409354
1,718.9154,501.9814,1138.254765,3.73291852883995
1,720.1935,501.9456,1138.274789,3.74188553541899
1,730.6641,491.2968,1138.288769,3.73844802379608
1,742.0865,476.9492,1138.304772,3.75216268002987
1,767.3029,447.818,1138.322788,3.73976933769882
1,790.6599,417.9794,1138.336771,3.76377138309181
1,820.4968,382.9206,1138.35277,3.76077904365957
1,846.2759,352.2561,1138.370789,3.78484278917313
1,874.1053,321.9605,1138.386771,3.7879606243223
1,898.3221,296.2077,1138.400771,3.76900541596115
1,916.6719,279.1003,1138.420791,3.74799268320203
1,927.4038,272.7732,1138.434777,3.72263602912426
1,933.5504,272.7773,1138.44878,3.72041738592088
1,936.687,276.2546,1138.464777,3.72653384692967
1,938.73,280.395,1138.482777,3.7391628138721
1,939.0004,285.4685,1138.496776,3.75515804626048
1,938.4664,289.7026,1138.514779,3.73347173444927
1,937.1077,292.9346,1138.53079,3.72138642705977
1,936.5299,295.1342,1138.546779,3.70319210924208
1,935.9293,296.8092,1138.56278,3.69615852832794
1,935.265,298.4678,1138.578782,3.68701876141131
1,934.6207,299.8823,1138.594781,3.66363674402237
1,934.5587,300.1289,1138.612787,3.68270347826183
1,934.3734,300.8213,1138.628786,3.62565112300217
1,934.8914,300.3211,1138.644783,3.60581278800964
1,935.5798,299.7951,1138.660784,3.61259770579636
1,936.4048,299.2276,1138.676785,3.5990746691823
1,937.673,298.2444,1138.692818,3.59754776582122
1,938.9595,297.5276,1138.708792,3.57135222293437
1,940.1578,296.989,1138.726806,3.55207454413176
1,940.936,297.2409,1138.740789,3.53978504426777
1,941.4172,297.5775,1138.756794,3.53045621886849
1,942.201,296.6371,1138.77679,3.52953444235027
1,942.6586,296.3215,1138.790815,3.51668428629637
1,942.7872,295.9708,1138.806791,3.49211669526994
1,942.7496,296.3273,1138.824815,3.45268100500107
1,942.6238,296.9711,1138.840816,3.43227642588317
1,942.1661,298.1251,1138.854794,3.40741290710866
1,942.0792,298.774,1138.874812,3.40571580454707
1,940.2931,300.8784,1138.888797,3.40316817164421
1,940.1457,300.6161,1138.902795,3.40711488388479
1,937.378,301.9921,1138.92285,3.4110713750124
1,937.3226,300.6064,1138.936797,3.40751651674509
1,934.1268,300.3311,1138.952797,3.44388303346932
1,934.4912,297.9126,1138.972799,3.40602989308536
1,932.0525,297.9989,1138.986802,3.43323056586087
1,933.9576,301.0853,1139.002816,3.44022316858172
1,935.188,306.6153,1139.018803,3.44210909679532
1,939.4686,315.0862,1139.0328,3.44322039745748
1,942.935,325.7673,1139.050815,3.45171196386218
1,946.7983,336.7119,1139.068822,3.45030147582293
1,949.5812,348.7475,1139.082825,3.45761072821915
1,948.0222,365.6642,1139.098808,3.48847755230963
1,943.0437,383.3872,1139.116804,3.50871146656573
1,932.6335,401.2262,1139.130817,3.52149503305554
1,918.2798,415.7732,1139.148806,3.51000973023474
1,904.1273,430.7577,1139.162808,3.5136672668159
1,889.0987,446.149,1139.178837,3.4983903169632
1,873.9897,461.7093,1139.19681,3.5053682513535
1,859.7088,476.1891,1139.212814,3.5008832346648
1,851.9296,484.1187,1139.22681,3.50357964634895
1,850.5249,485.4595,1139.246811,3.50932125002146
1,849.7108,485.8038,1139.260812,3.51273105479777
1,848.3645,486.3397,1139.278835,3.52613348513842
1,847.5151,486.8788,1139.292814,3.5239236894995
1,847.1412,487.138,1139.308832,3.5387291572988
1,847.1223,487.2393,1139.326814,3.55631439015269
1,847.3784,487.4026,1139.342817,3.55144869536161
1,847.9185,487.7346,1139.356817,3.55686899274588
1,848.4215,488.386,1139.374821,3.55723965913057
1,848.988,489.7653,1139.390826,3.56241781264544
1,849.5923,491.7502,1139.406823,3.58863011933863
1,850.1389,494.237,1139.426819,3.60419298522174
1,850.7952,497.072,1139.43882,3.60276899300516
1,851.1964,500.0659,1139.456835,3.59983905218542
1,851.6699,502.9361,1139.474833,3.58204334042966
1,852,505.2633,1139.488822,3.57826775871217
1,851.9584,507.0666,1139.502854,3.56926769018173
1,849.1139,505.2662,1139.522841,3.57659021392465
1,844.7532,503.8789,1139.536823,3.58016649261117
1,838.3857,498.4997,1139.554824,3.57458204962313
1,830.5059,493.7383,1139.570869,3.57993273064494
1,823.3563,487.6133,1139.584825,3.60889942385256
1,815.6429,481.1596,1139.602826,3.62107739783823
1,807.68,474.5066,1139.620839,3.64508247002959
1,799.8081,467.7817,1139.634829,3.6404044367373
1,794.8336,464.1503,1139.65083,3.64231946878135
1,793.5069,463.0461,1139.664841,3.64664732478559
1,792.5763,462.3595,1139.682829,3.65996570326388
1,791.4055,462.4803,1139.698844,3.66153847426176
1,790.8372,462.4931,1139.716833,3.66374151781201
1,790.6725,463.033,1139.730832,3.65241873078048
1,790.6191,463.368,1139.748835,3.65822855383158
1,790.7587,463.4389,1139.762834,3.66947404108942
1,790.8973,463.1147,1139.778835,3.69495316408575
1,790.9102,462.794,1139.796835,3.70835047215223
1,790.9,462.731,1139.812836,3.72175616212189
1,790.7401,462.5961,1139.828836,3.72246536426246
1,790.5986,462.4261,1139.844839,3.7202169187367
1,790.4925,462.3346,1139.86084,3.71995056048036
1,790.228,462.1169,1139.876839,3.7254577036947
1,789.9882,461.9655,1139.892853,3.72645887546241
1,789.576,461.6947,1139.910866,3.71462921611965
1,789.0309,461.1034,1139.926861,3.7110960111022
1,788.5694,460.4328,1139.942862,3.68602760136127
1,788.0021,459.6466,1139.958844,3.67262726649642
1,787.571,459.1253,1139.974843,3.67945060133934
1,786.5688,459.1512,1139.990863,3.68696544319391
1,786.2034,458.8611,1140.006855,3.67036950774491
1,784.7444,458.5733,1140.024846,3.68875474669039
1,784.9187,458.3261,1140.038858,3.67610761895776
1,784.3154,457.5009,1140.054849,3.68045270442963
1,785.4426,457.1744,1140.074868,3.68407228961587
1,785.4069,457.1511,1140.088866,3.68753122165799
1,786.2337,456.8963,1140.10485,3.67945060133934
1,787.037,456.9255,1140.122893,3.65647324360907
1,788.0237,456.7408,1140.136867,3.65500338375568
1,788.868,458.0601,1140.152869,3.63776180893183
1,789.3322,458.664,1140.170895,3.66140156984329
1,788.6274,459.2216,1140.184853,3.67578468285501
1,791.6959,446.8844,1140.202853,3.67077463306487
1,791.698,438.0913,1140.220856,3.66246677003801
-1,NaN,NaN,1140.232854,0
-1,NaN,NaN,1140.248898,0
-1,NaN,NaN,1140.264856,0
1,800.2469,410.4023,1140.282887,3.71210160665214
1,808.1959,389.1611,1140.300874,3.71843739412725
1,817.9368,363.4762,1140.316883,3.746208967641
1,830.7718,340.9124,1140.332877,3.69025534018874
1,840.7697,322.4268,1140.350864,3.73015971854329
1,851.8461,306.4642,1140.362862,3.71402548626065
1,859.7241,299.6747,1140.380878,3.69842234067619
1,866.9366,299.4034,1140.396865,3.6805507261306
1,872.9774,302.6696,1140.412865,3.67964967153966
1,873.6653,310.7845,1140.428864,3.66403255611658
1,874.0587,315.2492,1140.444903,3.66702978499234
1,875.0052,317.0514,1140.460866,3.64603544585407
1,875.3571,318.4939,1140.476888,3.63011844456196
1,876.144,319.2372,1140.492867,3.62095143646002
1,875.9156,320.4462,1140.510869,3.60299786552787
1,870.5274,326.9663,1140.526868,3.63195966929197
1,860.8608,335.8694,1140.542886,3.5891686566174
1,844.3591,352.2825,1140.558871,3.59653844498098
1,822.635,370.9029,1140.576892,3.57923144474626
1,799.5468,391.5997,1140.590871,3.54701653122902
1,773.825,413.6195,1140.608871,3.58405406586826
1,747.9485,436.3334,1140.626881,3.56153980828822
1,721.8007,458.8814,1140.638898,3.54673294350505
1,703.1296,473.6963,1140.656882,3.53528070263565
1,695.279,479.4595,1140.674875,3.51831526495516
1,692.8373,481.2981,1140.68889,3.53008019737899
1,693.283,480.4883,1140.704878,3.53232794441283
1,696.0219,481.0352,1140.722896,3.53815965354443
1,697.1053,482.083,1140.736878,3.51616530679166
1,701.9062,484.4646,1140.754879,3.49919847212732
1,705.1797,486.8006,1140.772911,3.49034531973302
1,709.4327,489.4368,1140.78488,3.49349272437394
1,713.1166,492.1675,1140.802882,3.50047554820776
1,716.9761,494.7997,1140.820894,3.50083713419735
1,720.8546,497.5984,1140.832882,3.50426742807031
1,722.4845,499.1125,1140.852883,3.48506425507367
1,722.7327,499.2747,1140.866904,3.47386230714619
1,722.9217,499.288,1140.882884,3.4991626162082
1,722.2925,499.1756,1140.898892,3.4994799643755
1,722.0532,499.1516,1140.914887,3.51494504138827
1,721.7175,499.0771,1140.930886,3.52924875915051
1,721.3229,498.9536,1140.946887,3.49817983806133
1,721.1067,498.6168,1140.964892,3.51020623929799
1,720.8112,498.094,1140.980907,3.51091660559177
1,720.5886,497.3914,1140.996889,3.51221603341401
1,720.3971,496.8647,1141.012908,3.53161315433681
1,720.1375,496.6071,1141.028892,3.53733147494495
1,720.0393,496.5962,1141.044892,3.5282694734633
1,720.0063,496.8674,1141.060893,3.52815655060112
1,720.1196,497.1688,1141.076893,3.53194773197174
1,720.5079,497.7808,1141.092893,3.51359485648572
1,721.0011,498.4304,1141.110928,3.52829950861633
1,721.7033,499.0993,1141.128895,3.53372865356505
1,722.5161,499.7023,1141.142905,3.53670655749738
1,723.3936,499.8623,1141.15891,3.56189045123756
1,724.2761,500.0543,1141.176898,3.55451460927725
1,724.8492,499.784,1141.190921,3.54667589999735
1,729.5543,495.505,1141.208901,3.54502373374999
1,734.541,487.3775,1141.226921,3.52612696588039
1,751.5123,464.9691,1141.240901,3.52302705869079
1,767.0045,440.47,1141.258906,3.52939055301249
1,790.7383,406.4346,1141.275931,3.54381487704813
1,810.9427,375.8258,1141.287902,3.54389240965247
1,831.8162,346.3033,1141.305904,3.54226143099368
1,850.9177,319.3348,1141.323919,3.54830571450293
1,866.0035,296.7942,1141.337905,3.52516653947532
1,877.1318,280.1296,1141.353909,3.51578462868929
1,882.3245,273.4562,1141.373946,3.52347223088145
1,883.1399,273.6302,1141.385925,3.52087919600308
1,883.6099,274.2993,1141.401908,3.54419299401343
1,883.8008,274.9664,1141.419915,3.55207361280918
1,884.7189,274.5753,1141.435909,3.53987398557365
1,885.3513,274.3914,1141.449955,3.5400609485805
1,885.7021,274.606,1141.471917,3.50252841599286
1,885.6373,274.9301,1141.483928,3.48905264399946
1,885.5222,275.872,1141.499931,3.49769764579833
1,884.8018,277.1997,1141.518914,3.46883153542876
1,884.3625,278.2657,1141.532913,3.51013708859682
1,882.636,279.3143,1141.546916,3.5048860590905
1,881.859,280.1803,1141.564919,3.47319385036826
1,880.5128,280.8853,1141.580928,3.50638409145176
1,880.0258,281.6185,1141.596917,3.50585859268904
1,879.9916,281.9438,1141.61492,3.49627831019461
1,880.1497,282.15,1141.630927,3.48145747557282
1,880.5272,281.8469,1141.644989,3.44789028167725
1,880.6438,282.2277,1141.662937,3.41151375323534
1,881.3758,283.293,1141.680936,3.41078033670783
1,882.4749,284.7516,1141.692934,3.42233828268945
1,880.9822,288.6308,1141.710946,3.44092352315784
1,874.4555,299.3781,1141.727942,3.50147159770131
1,864.1612,314.1757,1141.743941,3.51578625850379
1,848.8887,336.2346,1141.759927,3.52633348666132
1,830.415,359.9081,1141.779925,3.49269877187908
1,811.8544,384.8198,1141.791925,3.49981710314751
1,791.2573,410.9016,1141.807935,3.50082549266517
1,770.0179,438.944,1141.831927,3.50653217174113
1,750.2924,464.6919,1141.839928,3.5235567484051
1,739.3483,478.2947,1141.855955,3.51864681579173
1,737.1141,481.4634,1141.875959,3.50104062817991
1,736.1512,483.1707,1141.887951,3.50561342202127
1,735.2025,484.936,1141.903935,3.50803509354591
1,734.4254,486.154,1141.92795,3.53310676291585
1,732.1842,486.8996,1141.935933,3.54834692552686
1,730.7818,487.545,1141.953948,3.57177830301225
1,727.5889,488.3119,1141.973947,3.56168556027114
1,725.8431,489.7646,1141.985935,3.5566845908761
1,723.2923,490.9303,1142.001935,3.57712339609861
1,721.4114,492.5573,1142.025938,3.59518337063491
1,719.6563,494.4932,1142.033937,3.6123872268945
1,718.2697,496.4968,1142.049955,3.64393903873861
1,718.0809,498.3631,1142.069939,3.63401975482702
1,718.1951,499.7528,1142.083939,3.6518769338727
1,718.1933,501.3389,1142.099939,3.64432786591351
1,718.3481,502.3122,1142.115953,3.64565011113882
1,717.8646,502.4984,1142.131943,3.66517971269786
1,717.4759,502.4302,1142.147941,3.67970182560384
1,717.3688,501.8135,1142.165947,3.69968381710351
1,717.3532,501.0605,1142.181944,3.70867294259369
1,717.5056,500.0397,1142.195947,3.72236245311797
1,717.6965,499.1297,1142.213947,3.72689520008862
1,717.9813,498.6916,1142.229945,3.72200924903154
1,718.3041,498.424,1142.245946,3.72355314902961
1,718.6323,498.8524,1142.263949,3.71330557391047
1,726.0549,488.2602,1142.279948,3.74365807510912
1,734.0256,475.3537,1142.295962,3.75325232744217
1,757.1011,444.2953,1142.311962,3.76218627206981
1,776.6439,415.1511,1142.32996,3.78287700004876
1,805.6204,379.3894,1142.343967,3.7742992863059
1,828.6179,349.0684,1142.359964,3.77552141435444
1,853.516,318.7596,1142.379967,3.78378108143806
1,874.9423,291.9625,1142.391952,3.79444798454642
1,892.5594,271.9669,1142.407971,3.80921713076532
1,903.2094,263.3187,1142.427956,3.8251664955169
1,909.5126,260.0551,1142.441972,3.83316609077156
1,909.7744,260.9483,1142.455955,3.84136568754911
1,911.4444,260.4572,1142.477969,3.83787578903139
1,910.9815,259.7843,1142.489975,3.83348972536623
1,911.1298,259.7942,1142.505969,3.82489245384932
1,911.1573,259.8877,1142.525961,3.81675269454718
1,910.8895,261.3672,1142.537973,3.80103057250381
1,910.976,264.3739,1142.553959,3.78583068959415
1,910.9992,267.5169,1142.577964,3.76490643247962
1,910.1926,272.19,1142.585962,3.73961171135306
1,909.6675,280.7638,1142.603962,3.75643046572804
1,907.9875,289.8915,1142.623969,3.74485552310944
1,905.895,307.579,1142.635964,3.72535735368729
1,902.8336,324.5796,1142.65198,3.72085371054709
1,900.812,346.0381,1142.671973,3.71142919175327
1,897.2994,366.0046,1142.685979,3.68815683759749
1,894.8509,386.2962,1142.699967,3.67685174569488
1,891.6535,406.5088,1142.71997,3.68950446136296
1,890.4133,420.7269,1142.732001,3.67154041305184
1,888.8493,428.5277,1142.747972,3.6546690389514
1,888.538,432.574,1142.765976,3.65612586028874
1,888.7217,432.9562,1142.783971,3.63801023922861
1,891.5858,437.1113,1142.79799,3.62757733091712
1,894.105,441.1358,1142.813985,3.61430575139821
1,912.5991,448.526,1142.82998,3.56189464218915
1,927.8688,457.7858,1142.847988,3.5526854917407
1,963.8076,464.731,1142.861974,3.47930612042546
1,993.2239,474.7724,1142.879986,3.44785233028233
1,1033.551,482.4051,1142.893975,3.41906445100904
1,1070.458,494.9521,1142.913995,3.39051662012935
1,1103.671,500.67,1142.92998,3.37464944459498
1,1132.129,506.8343,1142.943977,3.40294349007308
1,1150.275,510.3619,1142.959979,3.41672240756452
1,1161.14,516.2711,1142.98198,3.43667599372566
1,1166.942,518.5142,1142.99198,3.43425339087844
1,1166.106,521.9639,1143.00798,3.41965234838426
1,1164.695,521.9379,1143.028003,3.40948347002268
1,1163.372,522.8648,1143.041981,3.40276956558228
1,1162.413,520.4114,1143.057999,3.41216521337628
1,1162.793,521.1225,1143.077985,3.44480364583433
1,1162.189,520.5402,1143.089996,3.46609787084162
1,1160.482,522.6074,1143.108003,3.51397274062037
1,1160.994,521.0396,1143.123998,3.52644291706383
1,1160.19,523.7201,1143.139986,3.50965885445476
1,1158.48,521.3806,1143.153987,3.52490483783185
1,1156.432,522.9338,1143.174004,3.55123425833881
1,1151.22,520.1102,1143.18799,3.57318087480962
1,1145.725,520.2286,1143.203989,3.58427502214909
1,1138.952,518.2903,1143.222031,3.57895414344966
1,1132.966,517.4664,1143.235991,3.59343411400914
1,1125.281,515.976,1143.252009,3.59603995457292
1,1117.538,514.0741,1143.27078,3.60039598308504
1,1112.048,510.7878,1143.283994,3.59134608879685
1,1109.079,509.6293,1143.300006,3.61280771903694
1,1103.722,500.9723,1143.315997,3.63609194755554
1,1097.129,496.702,1143.331996,3.62626113928854
1,1086.134,468.7813,1143.350008,3.65291419439018
1,1071.06,450.3926,1143.365999,3.62971238791943
1,1052.086,412.15,1143.382,3.65185807459056
1,1029.275,383.4388,1143.397999,3.68611817248166
1,1007.439,348.925,1143.414005,3.68853751569986
1,982.5975,321.0104,1143.432002,3.69395921006799
1,964.4747,294.4543,1143.446,3.6865770816803
1,948.2282,274.501,1143.462001,3.6301389336586
1,937.3201,264.2125,1143.480007,3.63827683031559
1,928.978,263.7749,1143.496012,3.65382852032781
1,924.8985,263.7276,1143.510004,3.65475285798311
1,926.0585,261.8759,1143.528023,3.65435401909053
1,926.025,263.237,1143.544018,3.65402805618942
1,929.2672,261.1715,1143.560005,3.67309851571918
1,930.305,261.932,1143.578015,3.66637576371431
1,931.3659,262.1758,1143.592007,3.67911020293832
1,926.1663,268.702,1143.610021,3.72252427041531
1,919.1812,275.0089,1143.626023,3.73368361033499
1,907.0308,287.5952,1143.642011,3.72031633742154
1,890.4401,301.2226,1143.65801,3.69207700714469
1,875.025,316.8843,1143.678024,3.66416526958346
1,857.0364,329.6946,1143.690025,3.65027715452015
1,839.0448,342.8674,1143.706013,3.64388758316636
1,822.2524,354.3087,1143.724023,3.62452352419496
1,814.0043,358.4647,1143.738032,3.61244683153927
1,813.8891,357.2398,1143.754015,3.60945193096995
1,813.5521,356.5092,1143.774091,3.60441254451871
1,813.2896,356.3893,1143.788016,3.58740123920143
1,813.308,356.6092,1143.802017,3.59338033013046
1,813.1999,357.0418,1143.822018,3.55830113403499
1,809.7087,355.7982,1143.83603,3.55340470559895
1,805.8973,354.4117,1143.852038,3.53619176894426
1,794.5718,350.4415,1143.870031,3.51862912066281
1,781.8439,344.586,1143.886048,3.52284149266779
1,765.5826,339.8331,1143.902021,3.51207121275365
1,747.2279,332.3588,1143.918022,3.51591990329325
1,730.4882,326.8931,1143.934025,3.51627264171839
1,712.1072,319.7142,1143.950035,3.50800715386868
1,700.8027,314.8331,1143.966027,3.50333144888282
1,690.3539,310.0786,1143.984025,3.52558912709355
1,685.8762,308.0238,1143.998025,3.51721746847034
1,685.3862,309.1466,1144.014028,3.50905815139413
1,693.032,317.9919,1144.030028,3.52760753594339
1,700.2587,328.6172,1144.04806,3.51929827593267
1,713.4107,347.3384,1144.062028,3.53136216290295
1,725.7005,369.6498,1144.080042,3.55010549537838
1,741.5893,393.1542,1144.096031,3.5408406984061
1,756.1149,418.228,1144.112031,3.51973134092987
1,772.0515,443.4885,1144.128031,3.51486168801785
1,787.072,467.5344,1144.146033,3.50323808379471
1,796.9171,482.9113,1144.160034,3.5102884285152
1,800.6719,487.9683,1144.178051,3.50288371555507
1,799.3049,488.6372,1144.192039,3.50225088186562
1,792.3681,486.4197,1144.208035,3.47110093571246
1,774.7491,476.2757,1144.228049,3.46363754943013
-1,NaN,NaN,1144.242038,0
-1,NaN,NaN,1144.260052,0
-1,NaN,NaN,1144.274038,0
-1,NaN,NaN,1144.288053,0
-1,NaN,NaN,1144.30404,0
-1,NaN,NaN,1144.322045,0
-1,NaN,NaN,1144.336041,0
-1,NaN,NaN,1144.352042,0
-1,NaN,NaN,1144.370055,0
-1,NaN,NaN,1144.386045,0
-1,NaN,NaN,1144.40006,0
-1,NaN,NaN,1144.450298,0
-1,NaN,NaN,1144.456049,0
-1,NaN,NaN,1144.460048,0
-1,NaN,NaN,1144.46605,0
-1,NaN,NaN,1144.482048,0
-1,NaN,NaN,1144.498047,0
-1,NaN,NaN,1144.514054,0
-1,NaN,NaN,1144.53005,0
-1,NaN,NaN,1144.54605,0
-1,NaN,NaN,1144.562051,0
-1,NaN,NaN,1144.580052,0
-1,NaN,NaN,1144.594053,0
-1,NaN,NaN,1144.612053,0
-1,NaN,NaN,1144.628053,0
-1,NaN,NaN,1144.644054,0
-1,NaN,NaN,1144.660056,0
-1,NaN,NaN,1144.67607,0
-1,NaN,NaN,1144.692057,0
-1,NaN,NaN,1144.71006,0
-1,NaN,NaN,1144.726058,0
-1,NaN,NaN,1144.74206,0
-1,NaN,NaN,1144.758061,0
-1,NaN,NaN,1144.776061,0
-1,NaN,NaN,1144.790079,0
-1,NaN,NaN,1144.806064,0
-1,NaN,NaN,1144.826075,0
-1,NaN,NaN,1144.840063,0
-1,NaN,NaN,1144.856084,0
1,674.0373,395.3174,1144.878075,3.40246572159231
-1,NaN,NaN,1144.888079,0
1,655.6333,365.0614,1144.906081,3.47917526960373
-1,NaN,NaN,1144.926068,0
1,683.8567,361.7633,1144.940086,3.48038412630558
-1,NaN,NaN,1144.95407,0
1,758.2969,395.4258,1144.978084,3.48145631141961
1,820.1731,435.481,1144.98807,3.49957961589098
1,854.0084,456.8209,1145.004071,3.49831255152822
1,853.7618,458.1128,1145.024096,3.48754739388824
1,853.4733,459.1442,1145.03609,3.49668995477259
1,852.5991,460.0544,1145.052085,3.51934414356947
1,848.0103,463.4607,1145.072075,3.56823974289
1,842.1024,467.5947,1145.086084,3.6135723348707
1,831.6791,474.551,1145.102075,3.6371850874275
1,819.4271,482.7751,1145.120077,3.62037075683475
1,806.7867,490.7437,1145.134095,3.63814481534064
1,793.2584,499.4501,1145.15009,3.61004145815969
1,780.0887,508.3944,1145.170099,3.62277124077082
1,766.6021,517.7137,1145.18208,3.63330007530749
1,757.7102,524.1392,1145.19808,3.62508278340101
1,754.2538,526.1726,1145.21814,3.64766782149673
1,752.8086,527.2178,1145.232083,3.65250394679606
1,752.4742,527.9765,1145.248102,3.68458451703191
1,751.7937,528.034,1145.264087,3.71618359349668
1,749.4446,526.4528,1145.280101,3.72931826859713
1,747.9043,524.1333,1145.296084,3.72614129446447
1,744.368,520.5746,1145.314089,3.7061667535454
1,741.5077,517.356,1145.330098,3.70929576456547
1,738.0598,514.0715,1145.344089,3.72402346692979
1,734.3043,510.568,1145.360088,3.72351193800569
1,729.7006,506.5465,1145.382105,3.75522393733263
1,726.4746,502.5987,1145.392089,3.76495230011642
1,724.6847,500.7818,1145.410089,3.73315112665296
1,726.8568,502.3362,1145.430093,3.77408578060567
1,728.0984,504.8228,1145.442093,3.77971515990794
1,734.1544,510.2141,1145.458095,3.78553429618478
1,739.667,517.5889,1145.478094,3.80039517767727
1,747.7585,525.2038,1145.490112,3.8001190405339
1,756.0146,534.2971,1145.506095,3.77432233653963
1,764.4479,543.8898,1145.526107,3.77245852723718
1,772.0682,553.2946,1145.538096,3.77339916303754
1,777.1888,559.2217,1145.556098,3.77445621415973
1,779.7618,561.1506,1145.576113,3.79666429944336
1,780.3237,561.968,1145.588098,3.80681152455509
1,779.4997,561.6253,1145.604098,3.8066697306931
1,779.2099,560.6882,1145.626112,3.81216988898814
1,778.6763,559.8253,1145.636099,3.80810094065964
1,778.2869,558.8859,1145.652118,3.81249142810702
1,778.2841,557.8815,1145.672104,3.83651023730636
1,778.7518,557.0068,1145.686103,3.83786531165242
1,779.4395,556.0745,1145.700105,3.85923520661891
1,780.2557,555.0894,1145.720141,3.87567980214953
1,780.1647,554.0465,1145.734106,3.89365432783961
1,780.6732,553.1697,1145.750118,3.89131251722574
1,779.5049,552.6392,1145.766108,3.89595073647797
1,779.2917,552.2087,1145.783108,3.86752001941204
1,778.5242,552.3306,1145.799126,3.86966695077717
1,778.0198,552.5859,1145.815125,3.86032927781343
1,777.5926,552.8536,1145.831136,3.86637658812106
1,777.1148,553.2688,1145.847129,3.85458394885063
1,777.6016,553.7449,1145.863142,3.85229382663965
1,778.4656,554.3141,1145.881125,3.84041317738593
1,779.2239,554.3862,1145.895132,3.83063685148954
1,780.1715,554.1604,1145.911133,3.82922193966806
1,780.5396,554.2347,1145.931114,3.80147132091224
1,780.7679,553.9842,1145.945113,3.81031632423401
1,780.9724,553.8043,1145.961114,3.80934006534517
1,781.0151,553.5867,1145.979147,3.78933362662792
1,781.06,553.4585,1145.993136,3.79938469268382
1,781.1176,553.3239,1146.009117,3.77595401369035
1,780.4203,553.1042,1146.027124,3.80223500542343
1,780.5419,553.0177,1146.043159,3.78050329163671
1,779.3851,552.7261,1146.059119,3.79596301354468
1,779.5558,552.6201,1146.079122,3.77809419296682
1,779.2116,552.6243,1146.091122,3.77313676290214
1,779.4124,552.8161,1146.107123,3.7624763790518
1,779.5784,552.8754,1146.127125,3.75564699061215
1,779.6757,552.9767,1146.141125,3.75373288989067
1,780.4321,553.1434,1146.155123,3.7488266825676
1,781.3136,553.2692,1146.177137,3.75617574900389
1,782.1344,553.3869,1146.189124,3.7545922677964
1,783.1395,553.4018,1146.203134,3.7359579000622
1,783.5005,553.3708,1146.223137,3.75737366266549
1,783.6455,553.1544,1146.237129,3.76232410781085
1,783.7827,552.6799,1146.253143,3.78487445414066
1,783.5955,552.1412,1146.269128,3.81534965708852
1,783.4677,551.6179,1146.287132,3.79017484374344
1,783.1935,551.0517,1146.30113,3.78007837571204
1,782.8754,550.8473,1146.321133,3.76914301887155
1,784.4605,543.4944,1146.335159,3.76630481332541
1,784.6816,535.3551,1146.351172,3.78659600391984
1,788.2675,521.4894,1146.367165,3.7852565292269
1,790.1218,507.205,1146.383167,3.75545816496015
1,793.3338,494.2101,1146.399133,3.75952944159508
1,796.2699,481.6433,1146.417156,3.73469642363489
1,799.1119,469.3625,1146.433136,3.73551202937961
1,801.7974,457.5549,1146.449149,3.74881736934185
1,798.6925,453.243,1146.463153,3.77218262292445
1,792.8799,456.0998,1146.481139,3.78136965446174
1,784.5811,460.8983,1146.497156,3.78373358398676
1,772.8876,464.5886,1146.51314,3.76394973136485
1,762.9042,467.1606,1146.529154,3.78016522154212
1,752.1738,471.16,1146.545142,3.7810227368027
1,740.2188,472.8658,1146.561142,3.77706345170736
1,729.0742,476.3657,1146.577142,3.77653352916241
1,723.2575,477.1664,1146.593163,3.75483254902065
1,722.7893,477.0314,1146.609145,3.751115873456
1,724.5817,477.1669,1146.628158,3.75629379414022
1,723.4216,476.25,1146.642148,3.77147900871933
1,724.4646,477.2006,1146.658147,3.80114000290632
1,724.8124,478.8462,1146.676163,3.7867424543947
1,725.2554,480.8365,1146.692148,3.77693283371627
1,725.7807,483.6365,1146.706148,3.76754812896252
1,724.8955,486.1579,1146.72815,3.7645346019417
1,723.9,489.7572,1146.74015,3.77912889234722
1,722.7947,493.4352,1146.756151,3.77857917919755
1,721.1262,496.182,1146.77617,3.77426901832223
1,720.2231,498.4433,1146.790156,3.76362330280244
1,718.6185,499.5402,1146.804153,3.78132215701044
1,718.7319,500.2493,1146.82422,3.78044112585485
1,717.0718,499.5143,1146.838159,3.78243066370487
1,718.2657,499.9224,1146.854156,3.78716737031937
1,718.1174,500.8758,1146.872175,3.77605762332678
1,718.9296,501.3088,1146.886159,3.78197780810297
1,719.627,503.078,1146.902157,3.78868216648698
1,720.0708,503.1267,1146.920159,3.81143181584775
1,721.1725,503.6718,1146.934178,3.81576968356967
1,721.8475,504.1949,1146.95016,3.80061357282102
1,722.5543,504.7169,1146.966183,3.77717590890825
1,723.3863,504.7447,1146.98216,3.7746021989733
1,723.3488,502.8172,1146.998167,3.75942862592638
1,723.6469,501.5988,1147.016162,3.76071431674063
1,724.2241,501.401,1147.032163,3.76387382857502
1,724.8519,501.0646,1147.048166,3.75437596812844
1,725.5925,501.2104,1147.064183,3.7478560116142
1,726.3465,501.6996,1147.080165,3.75436968170106
1,726.821,502.2359,1147.096166,3.76596883870661
1,727.2278,502.9942,1147.112166,3.74498288147151
1,727.4658,504.0014,1147.128167,3.74249322339892
1,727.5938,504.6906,1147.146202,3.73406778089702
1,727.5074,505.4043,1147.16217,3.7136934697628
1,727.1793,505.8092,1147.178181,3.73588665388525
1,726.467,506.2955,1147.194182,3.75060876831412
1,725.5353,506.8137,1147.210171,3.76691645942628
1,724.5096,507.3641,1147.226171,3.78910126164556
1,723.5311,507.9755,1147.244177,3.78037779591978
1,722.7645,508.1686,1147.258187,3.80271323956549
1,722.2659,508.4326,1147.276175,3.80051555112004
1,721.7359,508.5579,1147.292176,3.82090709172189
1,721.4326,508.3224,1147.308197,3.84469912387431
1,720.468,508.3952,1147.324176,3.85078811086714
1,720.7649,507.4698,1147.340253,3.8725552149117
1,719.99,506.9756,1147.356178,3.8727349601686
1,720.1536,506.0835,1147.376189,3.89134511351585
1,720.1735,505.4489,1147.388184,3.89595981687307
1,720.1111,505.2744,1147.406181,3.91638744622469
1,720.2299,505.3076,1147.424208,3.92699800431728
1,720.5383,505.5544,1147.438189,3.94376227632165
1,721.3431,505.4168,1147.45419,3.95905366167426
1,721.8805,505.1385,1147.472203,3.97230824455619
1,721.78,505.2155,1147.486196,3.97481955587864
1,722.0873,504.9771,1147.502186,3.97265655919909
1,723.4366,502.7952,1147.522217,4.00314154103398
1,731.9044,494.9729,1147.534185,3.99760669097304
1,738.601,486.2981,1147.552187,4.00593830272555
1,763.3898,462.3449,1147.570206,4.01859730482101
1,781.6559,441.9877,1147.586188,4.00833087041974
1,811.6568,413.0541,1147.60219,4.01556771248579
1,836.1272,387.6689,1147.618194,4.03399672359228
1,862.325,363.2372,1147.632191,4.04673302546144
1,884.1114,341.5407,1147.648204,4.04997821897268
1,900.6435,325.9312,1147.664192,4.0382300503552
1,911.8342,314.0144,1147.680192,4.07088873907924
1,918.4481,310.0468,1147.698194,4.05562901869416
1,918.1353,311.5195,1147.714195,4.01130644604564
1,919.5176,311.6708,1147.728194,4.06354665756226
1,919.1709,312.5928,1147.746196,4.02296194806695
1,919.3823,312.651,1147.762195,4.04970673844218
1,917.3416,315.9109,1147.780197,4.07328363507986
1,908.662,322.9128,1147.794198,4.08725580200553
1,899.9943,332.4597,1147.812199,4.12489753216505
1,878.0801,350.7264,1147.828199,4.14391746744514
1,855.5395,367.8032,1147.846201,4.13042539730668
1,827.676,390.886,1147.86022,4.09779418259859
1,795.8589,415.5518,1147.878217,4.03715344145894
1,764.4698,442.1171,1147.89222,3.99538315832615
1,733.8107,467.6185,1147.908202,3.9470843039453
1,715.3552,483.6666,1147.926204,3.93407326191664
1,702.7563,495.025,1147.940204,3.90314869582653
1,694.884,502.0012,1147.956206,3.90797760337591
1,695.5717,503.7697,1147.976206,3.88386170379817
1,698.2321,505.6212,1147.988206,3.86544037610292
1,698.8904,506.3818,1148.006207,3.85978142730892
1,701.8945,508.0249,1148.024208,3.85502865538001
1,704.5909,509.1646,1148.03621,3.86685156263411
1,707.2044,510.4023,1148.054209,3.87531379237771
1,709.9592,511.6654,1148.072222,3.86533350683749
1,712.6432,512.9458,1148.086211,3.85628244839609
1,715.0025,514.6899,1148.102211,3.8600480183959
1,716.226,515.6855,1148.120258,3.84839996695518
1,715.7065,516.8118,1148.134214,3.8631372153759
1,717.0469,515.7712,1148.152214,3.87187814339995
1,716.1056,514.6398,1148.172248,3.86508367955685
1,717.4553,512.1622,1148.184215,3.87050863355398
1,717.6239,509.5882,1148.200226,3.89235303737223
1,718.6483,507.5048,1148.216217,3.89722734689713
1,719.481,505.7626,1148.23225,3.89599287882447
1,720.473,503.9436,1148.25023,3.88414366170764
1,722.1808,501.7983,1148.268238,3.86143266223371
1,723.1995,500.5036,1148.282219,3.85345448739827
1,722.6721,500.5996,1148.298222,3.89328529126942
1,723.6486,500.7689,1148.314238,3.9238641038537
1,722.5674,500.4264,1148.33024,3.9516962133348
1,723.631,500.0291,1148.346224,3.97278647869825
1,723.5171,499.7786,1148.362243,3.94810736179352
1,724.1735,499.1318,1148.37824,3.9428137242794
1,724.5048,499.0043,1148.396226,3.91034316271544
1,724.5997,498.8611,1148.412257,3.92957730218768
1,725.3669,499.4932,1148.428275,3.97356040775776
1,725.591,500.3184,1148.44425,4.01835516095161
1,725.3574,500.8207,1148.460228,4.03717858716846
1,725.1386,501.6195,1148.476243,4.05519409105182
1,724.4916,502.2036,1148.492229,4.03906684368849
1,724.4837,502.5796,1148.508233,4.0373308584094
1,724.5873,502.5408,1148.52623,4.06162114813924
1,724.8195,502.2836,1148.540235,4.09418856725097
1,725.1971,502.0364,1148.558232,4.10198606550694
1,725.5688,502.0055,1148.576251,4.1271960362792
1,725.8683,502.8355,1148.588251,4.12220042198896
1,725.8888,503.8786,1148.60824,4.12286864593625
1,725.7789,504.889,1148.626234,4.15344256907701
1,725.2347,505.4301,1148.638238,4.15688334032893
1,724.6617,505.6021,1148.656236,4.15587332099676
1,723.9696,505.5721,1148.672307,4.18317038565874
1,723.4999,505.4814,1148.68625,4.17780922725797
1,723.383,505.4733,1148.70424,4.16756793856621
1,723.3571,505.0432,1148.72327,4.16655000299215
1,723.6989,504.4802,1148.73524,4.13873698562384
1,724.0381,504.23,1148.753245,4.12863120436668
1,724.2864,504.1515,1148.771273,4.13266615942121
1,724.6098,504.4707,1148.785243,4.12170309573412
1,724.5986,504.7222,1148.801245,4.13016462698579
1,724.2563,505.0648,1148.819244,4.1450303979218
1,723.6731,505.0757,1148.831244,4.15424956008792
1,722.8178,504.6678,1148.849279,4.16647177189589
1,721.9703,504.338,1148.865255,4.18548937886953
1,721.1603,503.3035,1148.881248,4.17880015447736
1,720.4268,502.3983,1148.89726,4.16699144989252
1,718.9639,501.4011,1148.915254,4.20272070914507
1,718.5787,500.7709,1148.929249,4.19283844530582
1,716.4708,499.866,1148.94525,4.18386701494455
1,716.2018,499.5944,1148.961252,4.18757414445281
1,715.1512,499.1787,1148.97925,4.18817205354571
1,714.9406,499.309,1148.995252,4.20732423663139
1,714.9858,499.4319,1149.011254,4.22974862158298
1,716.8293,497.7427,1149.027254,4.23727976158261
1,717.9898,498.0948,1149.043257,4.21732617542148
1,727.7615,484.1917,1149.061265,4.19740565121174
1,736.2545,472.8186,1149.077256,4.15303045883775
1,752.2266,447.8535,1149.093257,4.14332561194897
1,765.804,423.0876,1149.109275,4.17646951973438
1,781.0294,397.6094,1149.127257,4.18291054666042
1,794.0999,373.6255,1149.141259,4.19843988493085
1,806.3723,352.0863,1149.157262,4.20748954638839
1,817.972,332.2414,1149.177271,4.19751601293683
1,824.8826,320.4345,1149.189261,4.21392545104027
1,826.7406,317.841,1149.207262,4.24443418160081
1,827.8433,317.8295,1149.225284,4.21943608671427
1,829.5494,319.3459,1149.237298,4.24096500501037
1,830.8554,321.8747,1149.255264,4.23782411962748
1,830.5839,323.6876,1149.277296,4.22347290441394
1,830.7093,323.8291,1149.285264,4.23327088356018
1,831.0571,325.6086,1149.303269,4.20934520661831
1,830.9461,325.2624,1149.325279,4.18456271290779
1,830.0082,325.5009,1149.335267,4.17998293414712
1,830.1313,326.709,1149.351269,4.14373958483338
1,828.6026,325.6983,1149.371291,4.129349719733
1,829.2382,325.5581,1149.38527,4.0975920855999
1,828.2827,323.9663,1149.39927,4.0770978666842
1,829.4547,323.8866,1149.421283,4.07196255400777
1,828.9394,323.4437,1149.433287,4.04643034562469
1,830.1811,321.7213,1149.449272,4.035041667521
1,830.5703,321.4447,1149.470066,4.01627039536834
1,832.2505,321.067,1149.483294,3.97604843601584
1,832.3339,320.4738,1149.497274,3.96198313683271
1,833.6055,319.6618,1149.517291,3.93550051376224
1,833.4692,319.4394,1149.531277,3.90497432090342
1,833.9551,319.7998,1149.547294,3.89941735193133
1,834.7006,321.1803,1149.563282,3.88565263710916
1,836.3998,327.519,1149.579291,3.87492636218667
1,832.1248,330.2725,1149.595279,3.86909674853086
1,838.4216,348.3517,1149.613314,3.86697496287525
1,839.3053,366.1604,1149.629299,3.86619195342064
1,852.7002,402.0726,1149.643294,3.88424191623926
1,863.2879,439.4157,1149.661284,3.88354179449379
1,878.2692,486.4351,1149.679294,3.88737744651735
1,890.3502,536.0001,1149.691301,3.8928110152483
1,902.8776,581.462,1149.709288,3.86284058913589
1,919.2555,624.3912,1149.727285,3.8707556668669
1,931.5742,659.8416,1149.741324,3.88220953755081
1,932.6148,683.5582,1149.757288,3.88295622542501
1,933.0676,699.9944,1149.778304,3.91935463994741
1,931.2306,707.0654,1149.790301,3.92301753163338
1,935.1841,716.5662,1149.806308,3.92585108056664
-1,NaN,NaN,1149.826298,3.933637868613
-1,NaN,NaN,1149.83829,3.91868269070983
-1,NaN,NaN,1149.854298,3.88219277374446
-1,NaN,NaN,1149.87631,3.87656269595027
-1,NaN,NaN,1149.888293,3.88064421713352
-1,NaN,NaN,1149.902293,3.89948859810829
-1,NaN,NaN,1149.928299,3.89517867006361
-1,NaN,NaN,1149.934294,0
-1,NaN,NaN,1149.952314,0
-1,NaN,NaN,1149.970297,3.96478921175003
1,939.9688,696.5777,1149.986296,3.98811278864741
1,927.067,627.2175,1150.000298,3.98590555414557
1,909.3989,557.7486,1150.022313,3.96531168371439
1,897.5465,494.8272,1150.032298,3.95931350067258
1,884.2039,436.4935,1150.050299,3.9301160722971
1,873.2038,382.609,1150.066372,3.91961820423603
1,862.5497,332.1241,1150.082301,3.92478518188
1,855.7241,305.0909,1150.098301,3.91470175236464
1,854.9106,303.606,1150.116306,3.89576889574528
1,855.1154,305.2957,1150.130305,3.90241225250065
1,855.3024,306.2524,1150.146304,3.92057467252016
1,855.7581,306.313,1150.162321,3.94161697477102
1,855.3492,305.3566,1150.180316,3.95180657505989
1,855.5751,304.3115,1150.194324,3.95879056304693
1,854.761,302.2632,1150.212309,3.99108789861202
1,854.6886,301.3085,1150.23031,3.96744441241026
1,853.6802,299.1543,1150.244325,3.97477205842733
1,853.4666,297.9491,1150.260312,3.96449072286487
1,853.1541,297.1083,1150.278311,3.95237794145942
1,851.5935,301.1207,1150.292328,3.95084964111447
1,848.7974,306.7735,1150.308311,3.9463397115469
1,842.958,322.4564,1150.328314,3.94971901550889
1,835.3167,341.5718,1150.342313,3.94260650500655
1,827.5286,366.948,1150.356314,3.94570408388972
1,816.1537,393.518,1150.376314,3.89712420292199
1,806.5176,421.2037,1150.390317,3.88852180913091
1,795.6578,450.2083,1150.406316,3.90550866723061
1,786.2644,474.995,1150.427316,3.89051297679544
1,780.0275,492.7035,1150.439318,3.9034893270582
1,777.5466,502.0529,1150.455318,3.88767546974123
1,779.3126,503.5313,1150.477324,3.84613964706659
1,779.8817,504.4565,1150.487319,3.83842224255204
1,776.3514,504.9942,1150.503321,3.81887541152537
1,773.6858,504.4541,1150.525322,3.81138594821095
1,767.9297,504.1187,1150.537322,3.77173162996769
1,762.1491,504.2792,1150.553322,3.802505787462
1,756.0494,504.9623,1150.575343,3.78774246200919
1,749.7165,506.472,1150.585325,3.78144951537251
1,742.5922,507.1793,1150.601324,3.79453180357814
1,735.8941,507.9888,1150.623361,3.80087899975479
1,732.7679,509.6703,1150.633331,3.80187737755477
1,733.9692,513.7012,1150.649327,3.80859943106771
1,735.6058,519.0007,1150.665351,3.81850614212453
1,740.5516,523.7897,1150.682334,3.81806236691773
1,745.947,530.2051,1150.69833,3.82829364389181
1,754.1262,536.8789,1150.714354,3.8342687766999
1,760.9326,543.5611,1150.732332,3.8307320792228
1,768.7719,550.395,1150.748358,3.84432030841708
1,776.7546,556.7002,1150.764332,3.86580359190702
1,782.8766,561.5167,1150.780339,3.87985305860639
1,786.2133,562.777,1150.796333,3.8930110167712
1,786.7898,562.1149,1150.812349,3.90279944986105
1,787.2856,561.6511,1150.830335,3.90915013849735
1,788.3346,560.7998,1150.844368,3.92873538658023
1,788.5731,560.1725,1150.860338,3.94040532410145
1,788.6335,559.7411,1150.880339,3.95733583718538
1,788.5839,559.2037,1150.892338,3.97251965478063
1,788.5014,559.0041,1150.910372,3.98140167817473
1,788.3664,558.5697,1150.926344,3.9856699295342
1,788.8806,557.682,1150.942358,4.02734614908695
1,788.4735,557.5126,1150.95834,4.0282211266458
1,789.2595,556.1207,1150.977343,4.031952470541
1,788.8274,556.2227,1150.991342,4.00936976075172
